inventory_id,store_id,store_name,product_id,barcode,category,on_hand_units,on_order_units,reorder_point_units,safety_stock_units,avg_daily_demand_units,lead_time_days,last_restock_date,supplier
I001_P0001,S001,JVC Branch,P0001,8196001338906,Beverages,56,16,34,34,4,10,2025-12-22,Local Supplier A
I005_P0001,S005,Deira Branch,P0001,8196001338906,Beverages,7,0,11,11,1,10,2026-01-07,Local Supplier A
I003_P0001,S003,Al Barsha Branch,P0001,8196001338906,Beverages,31,10,21,21,2,3,2026-01-01,Distributor D
I002_P0001,S002,Dubai Hills Branch,P0001,8196001338906,Beverages,45,0,22,22,2,3,2025-12-20,Distributor D
I003_P0002,S003,Al Barsha Branch,P0002,2654235116159,Beauty,52,0,41,41,3,5,2026-01-11,Importer C
I002_P0002,S002,Dubai Hills Branch,P0002,2654235116159,Beauty,23,10,11,11,1,2,2025-12-28,Distributor D
I001_P0002,S001,JVC Branch,P0002,2654235116159,Beauty,31,6,15,15,2,5,2025-12-17,Local Supplier B
I001_P0003,S001,JVC Branch,P0003,1849593103410,Baby,28,9,12,12,1,2,2025-12-18,Distributor D
I005_P0003,S005,Deira Branch,P0003,1849593103410,Baby,105,16,35,35,4,5,2026-01-03,Local Supplier B
I003_P0003,S003,Al Barsha Branch,P0003,1849593103410,Baby,23,5,11,11,1,10,2026-01-12,Local Supplier B
I004_P0003,S004,Marina Branch,P0003,1849593103410,Baby,49,0,32,32,3,14,2026-01-06,Local Supplier B
I003_P0004,S003,Al Barsha Branch,P0004,2553419283277,Beauty,41,6,25,25,2,10,2025-12-16,Importer C
I001_P0004,S001,JVC Branch,P0004,2553419283277,Beauty,31,15,16,16,2,7,2025-12-25,Local Supplier B
I004_P0004,S004,Marina Branch,P0004,2553419283277,Beauty,28,6,26,26,3,14,2026-01-06,Distributor D
I005_P0004,S005,Deira Branch,P0004,2553419283277,Beauty,91,18,53,53,4,10,2026-01-10,Distributor D
I001_P0005,S001,JVC Branch,P0005,3056413953768,Pet,54,23,32,32,4,2,2025-12-26,Distributor D
I005_P0005,S005,Deira Branch,P0005,3056413953768,Pet,111,11,29,29,3,2,2025-12-28,Local Supplier A
I005_P0006,S005,Deira Branch,P0006,4969653287106,Fashion,17,3,7,7,1,14,2025-12-22,Importer C
I003_P0006,S003,Al Barsha Branch,P0006,4969653287106,Fashion,29,6,13,13,1,14,2026-01-11,Importer C
I004_P0006,S004,Marina Branch,P0006,4969653287106,Fashion,20,4,12,12,1,3,2026-01-03,Local Supplier A
I002_P0006,S002,Dubai Hills Branch,P0006,4969653287106,Fashion,36,0,22,22,2,5,2026-01-03,Local Supplier B
I002_P0007,S002,Dubai Hills Branch,P0007,6697848018454,Beverages,19,5,22,22,3,10,2025-12-21,Local Supplier B
I001_P0007,S001,JVC Branch,P0007,6697848018454,Beverages,21,4,7,7,1,10,2026-01-06,Distributor D
I005_P0008,S005,Deira Branch,P0008,8281489325286,Beverages,53,5,35,35,3,7,2026-01-03,Distributor D
I002_P0008,S002,Dubai Hills Branch,P0008,8281489325286,Beverages,29,21,15,15,2,10,2025-12-27,Local Supplier B
I002_P0009,S002,Dubai Hills Branch,P0009,4303911718221,Grocery,27,9,8,8,1,10,2026-01-12,Local Supplier B
I001_P0009,S001,JVC Branch,P0009,4303911718221,Grocery,76,22,26,26,3,10,2025-12-22,Distributor D
I004_P0009,S004,Marina Branch,P0009,4303911718221,Grocery,67,31,26,26,3,2,2026-01-11,Distributor D
I003_P0009,S003,Al Barsha Branch,P0009,4303911718221,Grocery,53,22,18,18,2,14,2026-01-13,Local Supplier A
I004_P0010,S004,Marina Branch,P0010,8346578713310,Fashion,4,2,12,12,1,7,2025-12-28,Local Supplier B
I003_P0010,S003,Al Barsha Branch,P0010,8346578713310,Fashion,10,7,9,9,1,2,2025-12-16,Distributor D
I001_P0011,S001,JVC Branch,P0011,3105183473829,Baby,53,20,27,27,2,7,2026-01-09,Distributor D
I005_P0011,S005,Deira Branch,P0011,3105183473829,Baby,114,45,41,41,4,7,2026-01-09,Local Supplier A
I003_P0011,S003,Al Barsha Branch,P0011,3105183473829,Baby,98,62,83,83,6,5,2025-12-31,Distributor D
I004_P0011,S004,Marina Branch,P0011,3105183473829,Baby,26,5,11,11,1,14,2025-12-24,Distributor D
I002_P0012,S002,Dubai Hills Branch,P0012,6566701065136,Fashion,12,3,8,8,1,14,2026-01-13,Importer C
I003_P0012,S003,Al Barsha Branch,P0012,6566701065136,Fashion,33,14,14,14,2,10,2025-12-18,Local Supplier B
I005_P0013,S005,Deira Branch,P0013,3178108013264,Beauty,27,0,77,77,6,3,2025-12-18,Distributor D
I001_P0013,S001,JVC Branch,P0013,3178108013264,Beauty,207,13,39,39,5,2,2025-12-26,Local Supplier A
I005_P0014,S005,Deira Branch,P0014,6064746872349,Fashion,19,5,8,8,1,3,2026-01-02,Importer C
I003_P0014,S003,Al Barsha Branch,P0014,6064746872349,Fashion,23,10,10,10,1,7,2026-01-14,Local Supplier A
I002_P0014,S002,Dubai Hills Branch,P0014,6064746872349,Fashion,49,7,22,22,3,5,2025-12-16,Local Supplier A
I003_P0015,S003,Al Barsha Branch,P0015,8820812191367,Beauty,138,16,40,40,5,14,2025-12-26,Local Supplier A
I005_P0015,S005,Deira Branch,P0015,8820812191367,Beauty,64,17,35,35,3,3,2026-01-11,Importer C
I001_P0016,S001,JVC Branch,P0016,5435346247515,Beverages,123,43,44,44,5,14,2026-01-08,Importer C
I002_P0016,S002,Dubai Hills Branch,P0016,5435346247515,Beverages,100,75,94,94,9,2,2026-01-13,Distributor D
I001_P0017,S001,JVC Branch,P0017,8384251354276,Grocery,34,0,12,12,1,7,2025-12-22,Distributor D
I005_P0017,S005,Deira Branch,P0017,8384251354276,Grocery,15,16,21,21,2,3,2025-12-23,Local Supplier A
I002_P0017,S002,Dubai Hills Branch,P0017,8384251354276,Grocery,87,0,51,51,4,2,2026-01-10,Importer C
I001_P0018,S001,JVC Branch,P0018,4118244935340,Home,100,30,58,58,5,7,2025-12-28,Local Supplier B
I003_P0018,S003,Al Barsha Branch,P0018,4118244935340,Home,17,4,13,13,1,3,2025-12-20,Distributor D
I005_P0018,S005,Deira Branch,P0018,4118244935340,Home,52,0,14,14,2,7,2025-12-16,Local Supplier B
I002_P0019,S002,Dubai Hills Branch,P0019,52427868015,Fashion,75,10,26,26,2,7,2025-12-19,Importer C
I001_P0019,S001,JVC Branch,P0019,52427868015,Fashion,32,0,9,9,1,14,2026-01-14,Local Supplier B
I005_P0019,S005,Deira Branch,P0019,52427868015,Fashion,14,6,9,9,1,5,2025-12-21,Importer C
I005_P0020,S005,Deira Branch,P0020,6204505331582,Beverages,5,9,13,13,1,10,2026-01-09,Importer C
I004_P0020,S004,Marina Branch,P0020,6204505331582,Beverages,116,0,29,29,4,5,2025-12-20,Distributor D
I003_P0020,S003,Al Barsha Branch,P0020,6204505331582,Beverages,63,6,33,33,3,3,2025-12-27,Importer C
I002_P0020,S002,Dubai Hills Branch,P0020,6204505331582,Beverages,21,5,7,7,1,10,2025-12-20,Local Supplier B
I004_P0021,S004,Marina Branch,P0021,6025634216072,Pet,86,33,53,53,4,14,2026-01-11,Importer C
I001_P0021,S001,JVC Branch,P0021,6025634216072,Pet,74,4,31,31,3,5,2025-12-23,Local Supplier B
I003_P0021,S003,Al Barsha Branch,P0021,6025634216072,Pet,20,6,8,8,1,3,2025-12-22,Importer C
I005_P0022,S005,Deira Branch,P0022,3036541458687,Beauty,67,23,27,27,3,5,2025-12-25,Distributor D
I001_P0022,S001,JVC Branch,P0022,3036541458687,Beauty,29,2,20,20,2,14,2025-12-20,Local Supplier B
I002_P0022,S002,Dubai Hills Branch,P0022,3036541458687,Beauty,110,66,81,81,7,5,2025-12-26,Local Supplier A
I003_P0023,S003,Al Barsha Branch,P0023,196556981693,Baby,58,0,50,50,4,10,2025-12-30,Local Supplier A
I002_P0023,S002,Dubai Hills Branch,P0023,196556981693,Baby,134,8,40,40,4,14,2025-12-23,Distributor D
I004_P0024,S004,Marina Branch,P0024,3561595148463,Beauty,19,22,34,34,3,2,2025-12-21,Distributor D
I002_P0024,S002,Dubai Hills Branch,P0024,3561595148463,Beauty,112,21,34,34,4,2,2025-12-31,Local Supplier B
I001_P0024,S001,JVC Branch,P0024,3561595148463,Beauty,20,3,26,26,2,14,2025-12-31,Importer C
I005_P0025,S005,Deira Branch,P0025,2994680443692,Baby,11,8,20,20,2,5,2025-12-31,Local Supplier B
I004_P0025,S004,Marina Branch,P0025,2994680443692,Baby,85,61,64,64,5,14,2025-12-30,Local Supplier B
I003_P0025,S003,Al Barsha Branch,P0025,2994680443692,Baby,20,5,17,17,2,5,2026-01-06,Importer C
I001_P0026,S001,JVC Branch,P0026,2148951343321,Baby,19,4,9,9,1,7,2026-01-01,Importer C
I002_P0026,S002,Dubai Hills Branch,P0026,2148951343321,Baby,93,25,53,53,5,7,2026-01-01,Local Supplier A
I005_P0026,S005,Deira Branch,P0026,2148951343321,Baby,50,10,25,25,2,5,2026-01-14,Importer C
I003_P0026,S003,Al Barsha Branch,P0026,2148951343321,Baby,159,74,73,73,6,10,2026-01-01,Local Supplier B
I002_P0027,S002,Dubai Hills Branch,P0027,7693676320164,Grocery,14,10,20,20,2,7,2025-12-20,Local Supplier B
I003_P0027,S003,Al Barsha Branch,P0027,7693676320164,Grocery,30,15,12,12,1,2,2025-12-28,Distributor D
I005_P0027,S005,Deira Branch,P0027,7693676320164,Grocery,49,19,33,33,3,3,2026-01-01,Distributor D
I001_P0028,S001,JVC Branch,P0028,7278895798682,Beauty,27,4,19,19,2,7,2025-12-21,Importer C
I003_P0028,S003,Al Barsha Branch,P0028,7278895798682,Beauty,104,24,49,49,4,7,2026-01-12,Local Supplier A
I005_P0029,S005,Deira Branch,P0029,8734714345585,Fashion,25,6,11,11,1,2,2025-12-21,Local Supplier B
I001_P0029,S001,JVC Branch,P0029,8734714345585,Fashion,15,3,25,25,3,7,2026-01-10,Local Supplier A
I002_P0029,S002,Dubai Hills Branch,P0029,8734714345585,Fashion,39,23,21,21,2,5,2025-12-21,Local Supplier B
I004_P0029,S004,Marina Branch,P0029,8734714345585,Fashion,30,4,11,11,1,3,2025-12-21,Importer C
I005_P0030,S005,Deira Branch,P0030,1665876036691,Beverages,98,49,81,81,6,7,2026-01-02,Local Supplier B
I001_P0030,S001,JVC Branch,P0030,1665876036691,Beverages,27,10,7,7,1,14,2026-01-11,Importer C
I005_P0031,S005,Deira Branch,P0031,6688937346701,Grocery,19,16,18,18,2,14,2025-12-29,Importer C
I001_P0031,S001,JVC Branch,P0031,6688937346701,Grocery,116,29,35,35,5,5,2026-01-01,Distributor D
I003_P0031,S003,Al Barsha Branch,P0031,6688937346701,Grocery,82,28,47,47,4,5,2025-12-25,Distributor D
I004_P0031,S004,Marina Branch,P0031,6688937346701,Grocery,85,9,30,30,3,3,2026-01-04,Local Supplier A
I004_P0032,S004,Marina Branch,P0032,9806990162725,Pet,55,14,32,32,3,5,2025-12-30,Local Supplier B
I002_P0032,S002,Dubai Hills Branch,P0032,9806990162725,Pet,14,0,10,10,1,10,2026-01-06,Importer C
I005_P0032,S005,Deira Branch,P0032,9806990162725,Pet,19,0,10,10,1,14,2026-01-07,Distributor D
I005_P0033,S005,Deira Branch,P0033,6464170805317,Grocery,47,9,20,20,2,2,2026-01-14,Importer C
I002_P0033,S002,Dubai Hills Branch,P0033,6464170805317,Grocery,46,4,17,17,2,5,2025-12-27,Distributor D
I003_P0033,S003,Al Barsha Branch,P0033,6464170805317,Grocery,46,9,32,32,3,5,2025-12-28,Importer C
I004_P0034,S004,Marina Branch,P0034,3271937452997,Grocery,114,0,34,34,4,10,2025-12-22,Local Supplier B
I003_P0034,S003,Al Barsha Branch,P0034,3271937452997,Grocery,97,0,25,25,3,10,2025-12-27,Importer C
I002_P0034,S002,Dubai Hills Branch,P0034,3271937452997,Grocery,46,0,27,27,2,3,2026-01-03,Importer C
I005_P0034,S005,Deira Branch,P0034,3271937452997,Grocery,61,21,21,21,3,10,2026-01-13,Importer C
I002_P0035,S002,Dubai Hills Branch,P0035,9663193149195,Beverages,27,6,11,11,1,2,2026-01-09,Importer C
I004_P0035,S004,Marina Branch,P0035,9663193149195,Beverages,53,8,27,27,2,7,2026-01-02,Local Supplier A
I001_P0035,S001,JVC Branch,P0035,9663193149195,Beverages,81,0,44,44,4,10,2025-12-20,Importer C
I003_P0035,S003,Al Barsha Branch,P0035,9663193149195,Beverages,4,15,15,15,2,10,2026-01-01,Local Supplier B
I004_P0036,S004,Marina Branch,P0036,5067165726287,Grocery,53,10,26,26,2,2,2025-12-26,Local Supplier A
I005_P0036,S005,Deira Branch,P0036,5067165726287,Grocery,75,0,54,54,4,2,2025-12-24,Local Supplier B
I002_P0036,S002,Dubai Hills Branch,P0036,5067165726287,Grocery,25,3,17,17,2,7,2026-01-01,Distributor D
I003_P0036,S003,Al Barsha Branch,P0036,5067165726287,Grocery,17,15,18,18,2,7,2025-12-23,Local Supplier A
I002_P0037,S002,Dubai Hills Branch,P0037,5314737996501,Home,33,10,19,19,2,5,2025-12-16,Local Supplier B
I003_P0037,S003,Al Barsha Branch,P0037,5314737996501,Home,20,10,14,14,2,10,2025-12-22,Importer C
I004_P0037,S004,Marina Branch,P0037,5314737996501,Home,101,16,50,50,5,5,2026-01-02,Distributor D
I001_P0037,S001,JVC Branch,P0037,5314737996501,Home,24,13,10,10,1,5,2025-12-22,Importer C
I001_P0038,S001,JVC Branch,P0038,5494808313670,Fashion,23,7,13,13,1,14,2026-01-14,Importer C
I002_P0038,S002,Dubai Hills Branch,P0038,5494808313670,Fashion,27,0,11,11,1,14,2025-12-29,Distributor D
I002_P0039,S002,Dubai Hills Branch,P0039,3634957885686,Beauty,112,34,50,50,4,5,2026-01-01,Importer C
I004_P0039,S004,Marina Branch,P0039,3634957885686,Beauty,57,10,35,35,3,7,2025-12-23,Importer C
I003_P0039,S003,Al Barsha Branch,P0039,3634957885686,Beauty,94,46,58,58,5,7,2026-01-13,Local Supplier A
I003_P0040,S003,Al Barsha Branch,P0040,3518233749896,Baby,20,8,13,13,1,14,2026-01-14,Distributor D
I005_P0040,S005,Deira Branch,P0040,3518233749896,Baby,71,4,39,39,4,7,2025-12-21,Distributor D
I001_P0040,S001,JVC Branch,P0040,3518233749896,Baby,21,6,12,12,1,5,2025-12-16,Distributor D
I004_P0041,S004,Marina Branch,P0041,824008427108,Home,67,0,35,35,3,2,2026-01-01,Local Supplier B
I001_P0041,S001,JVC Branch,P0041,824008427108,Home,33,7,13,13,1,14,2026-01-11,Local Supplier B
I005_P0041,S005,Deira Branch,P0041,824008427108,Home,61,38,41,41,4,7,2026-01-06,Distributor D
I003_P0041,S003,Al Barsha Branch,P0041,824008427108,Home,81,17,41,41,3,3,2026-01-02,Local Supplier B
I003_P0042,S003,Al Barsha Branch,P0042,4711671902291,Home,34,4,9,9,1,5,2026-01-14,Importer C
I004_P0042,S004,Marina Branch,P0042,4711671902291,Home,118,20,51,51,4,3,2025-12-18,Distributor D
I004_P0043,S004,Marina Branch,P0043,8677496499094,Home,50,15,30,30,3,3,2025-12-23,Distributor D
I003_P0043,S003,Al Barsha Branch,P0043,8677496499094,Home,61,0,17,17,2,7,2025-12-22,Distributor D
I002_P0043,S002,Dubai Hills Branch,P0043,8677496499094,Home,18,3,9,9,1,7,2026-01-10,Local Supplier A
I005_P0043,S005,Deira Branch,P0043,8677496499094,Home,87,10,31,31,4,7,2026-01-11,Local Supplier A
I004_P0044,S004,Marina Branch,P0044,2812067974037,Beverages,19,2,19,19,2,5,2025-12-30,Importer C
I001_P0044,S001,JVC Branch,P0044,2812067974037,Beverages,51,9,45,45,4,14,2026-01-04,Distributor D
I003_P0044,S003,Al Barsha Branch,P0044,2812067974037,Beverages,67,28,41,41,3,10,2025-12-30,Local Supplier A
I005_P0044,S005,Deira Branch,P0044,2812067974037,Beverages,10,8,11,11,1,3,2026-01-05,Local Supplier A
I001_P0045,S001,JVC Branch,P0045,9361832421021,Home,31,0,16,16,2,2,2026-01-04,Importer C
I005_P0045,S005,Deira Branch,P0045,9361832421021,Home,17,6,9,9,1,10,2026-01-01,Local Supplier B
I002_P0045,S002,Dubai Hills Branch,P0045,9361832421021,Home,52,31,32,32,4,14,2025-12-26,Local Supplier B
I005_P0046,S005,Deira Branch,P0046,4887719065942,Home,79,25,40,40,4,7,2026-01-14,Importer C
I002_P0046,S002,Dubai Hills Branch,P0046,4887719065942,Home,9,2,11,11,1,10,2026-01-03,Importer C
I001_P0046,S001,JVC Branch,P0046,4887719065942,Home,18,2,11,11,1,5,2025-12-18,Local Supplier B
I004_P0047,S004,Marina Branch,P0047,4902787429677,Grocery,31,3,19,19,2,5,2025-12-23,Local Supplier A
I001_P0047,S001,JVC Branch,P0047,4902787429677,Grocery,130,9,69,69,5,14,2025-12-27,Local Supplier A
I005_P0047,S005,Deira Branch,P0047,4902787429677,Grocery,16,13,13,13,1,5,2025-12-17,Local Supplier B
I003_P0048,S003,Al Barsha Branch,P0048,2567468071549,Beverages,63,36,45,45,4,14,2025-12-24,Local Supplier B
I002_P0048,S002,Dubai Hills Branch,P0048,2567468071549,Beverages,131,25,45,45,4,7,2026-01-05,Local Supplier A
I005_P0048,S005,Deira Branch,P0048,2567468071549,Beverages,52,0,22,22,2,5,2026-01-05,Distributor D
I001_P0048,S001,JVC Branch,P0048,2567468071549,Beverages,12,11,16,16,2,10,2026-01-03,Importer C
I003_P0049,S003,Al Barsha Branch,P0049,8760385977039,Baby,7,10,13,13,1,2,2025-12-20,Distributor D
I004_P0049,S004,Marina Branch,P0049,8760385977039,Baby,56,50,54,54,4,14,2025-12-18,Distributor D
I003_P0050,S003,Al Barsha Branch,P0050,932480861317,Home,57,0,35,35,4,14,2025-12-22,Importer C
I001_P0050,S001,JVC Branch,P0050,932480861317,Home,29,7,11,11,1,14,2026-01-11,Local Supplier B
I002_P0050,S002,Dubai Hills Branch,P0050,932480861317,Home,29,14,20,20,2,10,2026-01-04,Local Supplier B
I004_P0050,S004,Marina Branch,P0050,932480861317,Home,99,11,34,34,3,5,2025-12-23,Distributor D
I002_P0051,S002,Dubai Hills Branch,P0051,4677378263984,Fashion,26,10,27,27,2,3,2026-01-11,Local Supplier B
I001_P0051,S001,JVC Branch,P0051,4677378263984,Fashion,23,7,9,9,1,10,2025-12-23,Distributor D
I002_P0052,S002,Dubai Hills Branch,P0052,8404499727875,Electronics,23,8,12,12,1,2,2026-01-06,Importer C
I004_P0052,S004,Marina Branch,P0052,8404499727875,Electronics,11,1,8,8,1,2,2026-01-03,Importer C
I003_P0052,S003,Al Barsha Branch,P0052,8404499727875,Electronics,62,21,32,32,3,5,2026-01-02,Local Supplier B
I001_P0052,S001,JVC Branch,P0052,8404499727875,Electronics,28,10,13,13,1,14,2026-01-12,Local Supplier B
I005_P0053,S005,Deira Branch,P0053,3963605766276,Baby,83,35,43,43,5,10,2026-01-12,Local Supplier B
I001_P0053,S001,JVC Branch,P0053,3963605766276,Baby,60,5,22,22,2,3,2025-12-21,Local Supplier A
I004_P0053,S004,Marina Branch,P0053,3963605766276,Baby,24,13,8,8,1,5,2025-12-28,Local Supplier B
I002_P0053,S002,Dubai Hills Branch,P0053,3963605766276,Baby,162,22,62,62,8,3,2026-01-03,Importer C
I002_P0054,S002,Dubai Hills Branch,P0054,7187026217452,Grocery,19,9,7,7,1,2,2025-12-22,Distributor D
I003_P0054,S003,Al Barsha Branch,P0054,7187026217452,Grocery,19,0,10,10,1,10,2025-12-31,Local Supplier B
I001_P0055,S001,JVC Branch,P0055,5780913431614,Pet,115,20,37,37,5,2,2025-12-24,Distributor D
I003_P0055,S003,Al Barsha Branch,P0055,5780913431614,Pet,117,49,59,59,5,10,2026-01-04,Local Supplier B
I002_P0055,S002,Dubai Hills Branch,P0055,5780913431614,Pet,69,19,37,37,5,14,2025-12-28,Importer C
I005_P0055,S005,Deira Branch,P0055,5780913431614,Pet,43,7,19,19,2,10,2025-12-29,Distributor D
I001_P0056,S001,JVC Branch,P0056,5045562386921,Beverages,107,6,40,40,4,7,2025-12-19,Distributor D
I002_P0056,S002,Dubai Hills Branch,P0056,5045562386921,Beverages,50,22,39,39,4,5,2025-12-24,Importer C
I004_P0057,S004,Marina Branch,P0057,7923747407488,Electronics,8,2,7,7,1,14,2025-12-22,Importer C
I001_P0057,S001,JVC Branch,P0057,7923747407488,Electronics,23,3,12,12,1,10,2025-12-28,Importer C
I001_P0058,S001,JVC Branch,P0058,6474367136957,Electronics,31,7,13,13,1,5,2025-12-26,Importer C
I004_P0058,S004,Marina Branch,P0058,6474367136957,Electronics,17,3,7,7,1,3,2025-12-30,Local Supplier A
I002_P0058,S002,Dubai Hills Branch,P0058,6474367136957,Electronics,32,3,9,9,1,10,2026-01-06,Local Supplier B
I003_P0058,S003,Al Barsha Branch,P0058,6474367136957,Electronics,25,11,12,12,1,10,2025-12-19,Local Supplier A
I003_P0059,S003,Al Barsha Branch,P0059,909743953393,Home,91,6,71,71,6,3,2026-01-14,Local Supplier B
I001_P0059,S001,JVC Branch,P0059,909743953393,Home,46,6,32,32,3,2,2025-12-25,Local Supplier A
I004_P0059,S004,Marina Branch,P0059,909743953393,Home,88,48,61,61,5,3,2026-01-04,Importer C
I002_P0059,S002,Dubai Hills Branch,P0059,909743953393,Home,172,112,73,73,8,2,2025-12-26,Local Supplier A
I002_P0060,S002,Dubai Hills Branch,P0060,7095214562324,Home,58,28,46,46,4,10,2025-12-30,Distributor D
I001_P0060,S001,JVC Branch,P0060,7095214562324,Home,32,12,19,19,2,7,2026-01-03,Local Supplier A
I005_P0061,S005,Deira Branch,P0061,4517123685169,Baby,14,0,11,11,1,2,2025-12-26,Local Supplier A
I004_P0061,S004,Marina Branch,P0061,4517123685169,Baby,151,32,42,42,5,5,2025-12-21,Importer C
I003_P0061,S003,Al Barsha Branch,P0061,4517123685169,Baby,55,43,46,46,5,3,2026-01-09,Distributor D
I002_P0062,S002,Dubai Hills Branch,P0062,9651370985933,Grocery,9,0,13,13,1,2,2025-12-16,Importer C
I003_P0062,S003,Al Barsha Branch,P0062,9651370985933,Grocery,69,16,33,33,3,5,2026-01-01,Local Supplier A
I001_P0062,S001,JVC Branch,P0062,9651370985933,Grocery,37,1,9,9,1,7,2025-12-26,Importer C
I005_P0062,S005,Deira Branch,P0062,9651370985933,Grocery,82,7,30,30,4,7,2025-12-27,Local Supplier A
I003_P0063,S003,Al Barsha Branch,P0063,471138267588,Beverages,56,27,27,27,3,10,2026-01-11,Local Supplier B
I005_P0063,S005,Deira Branch,P0063,471138267588,Beverages,40,13,26,26,2,14,2025-12-19,Local Supplier B
I001_P0063,S001,JVC Branch,P0063,471138267588,Beverages,38,8,25,25,3,3,2025-12-26,Local Supplier A
I004_P0064,S004,Marina Branch,P0064,4053773515857,Pet,51,7,24,24,2,10,2025-12-16,Importer C
I005_P0064,S005,Deira Branch,P0064,4053773515857,Pet,97,11,52,52,4,7,2026-01-12,Distributor D
I003_P0065,S003,Al Barsha Branch,P0065,1390053293184,Grocery,70,24,37,37,4,2,2026-01-13,Importer C
I005_P0065,S005,Deira Branch,P0065,1390053293184,Grocery,16,28,25,25,2,2,2025-12-18,Distributor D
I004_P0065,S004,Marina Branch,P0065,1390053293184,Grocery,26,19,20,20,2,2,2025-12-17,Distributor D
I001_P0065,S001,JVC Branch,P0065,1390053293184,Grocery,61,0,40,40,3,7,2025-12-26,Local Supplier B
I004_P0066,S004,Marina Branch,P0066,4228421020537,Beauty,133,40,63,63,5,10,2026-01-12,Local Supplier B
I001_P0066,S001,JVC Branch,P0066,4228421020537,Beauty,36,9,7,7,1,10,2025-12-29,Local Supplier B
I003_P0067,S003,Al Barsha Branch,P0067,8117758917831,Baby,35,0,19,19,2,14,2025-12-20,Importer C
I005_P0067,S005,Deira Branch,P0067,8117758917831,Baby,6,5,7,7,1,5,2026-01-05,Local Supplier B
I002_P0067,S002,Dubai Hills Branch,P0067,8117758917831,Baby,92,0,37,37,4,5,2026-01-03,Distributor D
I005_P0068,S005,Deira Branch,P0068,7661771159217,Grocery,26,8,9,9,1,3,2025-12-19,Local Supplier A
I001_P0068,S001,JVC Branch,P0068,7661771159217,Grocery,95,32,57,57,5,5,2026-01-03,Local Supplier B
I003_P0069,S003,Al Barsha Branch,P0069,7896118367363,Electronics,77,4,16,16,2,2,2026-01-05,Local Supplier A
I004_P0069,S004,Marina Branch,P0069,7896118367363,Electronics,22,4,11,11,1,7,2025-12-26,Local Supplier B
I002_P0070,S002,Dubai Hills Branch,P0070,5452711116153,Baby,26,26,60,60,5,3,2025-12-22,Distributor D
I005_P0070,S005,Deira Branch,P0070,5452711116153,Baby,30,7,11,11,1,10,2026-01-07,Local Supplier B
I004_P0071,S004,Marina Branch,P0071,494519832731,Electronics,30,0,23,23,2,5,2025-12-21,Distributor D
I002_P0071,S002,Dubai Hills Branch,P0071,494519832731,Electronics,19,4,10,10,1,10,2026-01-08,Local Supplier B
I005_P0071,S005,Deira Branch,P0071,494519832731,Electronics,16,4,13,13,1,10,2026-01-03,Local Supplier A
I005_P0072,S005,Deira Branch,P0072,6899809402443,Beverages,114,65,61,61,5,7,2026-01-10,Local Supplier A
I001_P0072,S001,JVC Branch,P0072,6899809402443,Beverages,64,14,54,54,4,2,2026-01-03,Distributor D
I002_P0072,S002,Dubai Hills Branch,P0072,6899809402443,Beverages,26,9,22,22,3,5,2026-01-12,Local Supplier B
I004_P0072,S004,Marina Branch,P0072,6899809402443,Beverages,44,23,14,14,2,5,2025-12-25,Local Supplier B
I001_P0073,S001,JVC Branch,P0073,1201836675250,Baby,59,13,40,40,3,14,2025-12-21,Distributor D
I003_P0073,S003,Al Barsha Branch,P0073,1201836675250,Baby,52,10,30,30,3,3,2026-01-06,Local Supplier B
I005_P0074,S005,Deira Branch,P0074,1476797643819,Home,10,8,8,8,1,10,2025-12-25,Distributor D
I004_P0074,S004,Marina Branch,P0074,1476797643819,Home,131,24,37,37,5,2,2025-12-28,Local Supplier B
I001_P0074,S001,JVC Branch,P0074,1476797643819,Home,30,0,24,24,2,3,2026-01-03,Distributor D
I002_P0074,S002,Dubai Hills Branch,P0074,1476797643819,Home,72,19,24,24,3,2,2026-01-03,Local Supplier A
I004_P0075,S004,Marina Branch,P0075,8403690034324,Baby,63,47,48,48,5,2,2026-01-03,Importer C
I001_P0075,S001,JVC Branch,P0075,8403690034324,Baby,85,1,26,26,3,14,2025-12-27,Importer C
I003_P0075,S003,Al Barsha Branch,P0075,8403690034324,Baby,109,21,39,39,5,3,2025-12-25,Distributor D
I004_P0076,S004,Marina Branch,P0076,2268388516065,Home,29,1,12,12,1,2,2026-01-08,Local Supplier B
I002_P0076,S002,Dubai Hills Branch,P0076,2268388516065,Home,37,11,39,39,3,10,2026-01-02,Distributor D
I001_P0076,S001,JVC Branch,P0076,2268388516065,Home,49,5,17,17,2,2,2026-01-03,Importer C
I003_P0076,S003,Al Barsha Branch,P0076,2268388516065,Home,187,36,53,53,6,14,2026-01-02,Distributor D
I003_P0077,S003,Al Barsha Branch,P0077,6416052975168,Grocery,65,32,47,47,4,2,2026-01-06,Distributor D
I002_P0077,S002,Dubai Hills Branch,P0077,6416052975168,Grocery,35,25,15,15,2,5,2025-12-28,Importer C
I004_P0077,S004,Marina Branch,P0077,6416052975168,Grocery,49,11,15,15,2,10,2025-12-31,Distributor D
I004_P0078,S004,Marina Branch,P0078,4535218188357,Beverages,89,36,40,40,4,7,2025-12-26,Importer C
I003_P0078,S003,Al Barsha Branch,P0078,4535218188357,Beverages,112,8,34,34,3,14,2025-12-24,Distributor D
I005_P0079,S005,Deira Branch,P0079,9212779979956,Baby,103,34,31,31,4,3,2026-01-13,Local Supplier A
I002_P0079,S002,Dubai Hills Branch,P0079,9212779979956,Baby,43,10,17,17,2,2,2025-12-27,Local Supplier B
I001_P0079,S001,JVC Branch,P0079,9212779979956,Baby,24,0,11,11,1,2,2025-12-21,Local Supplier B
I003_P0080,S003,Al Barsha Branch,P0080,4905814770056,Baby,59,29,26,26,3,10,2025-12-30,Distributor D
I004_P0080,S004,Marina Branch,P0080,4905814770056,Baby,30,9,26,26,2,7,2025-12-23,Local Supplier B
I002_P0080,S002,Dubai Hills Branch,P0080,4905814770056,Baby,23,31,41,41,3,3,2025-12-30,Local Supplier A
I005_P0080,S005,Deira Branch,P0080,4905814770056,Baby,55,8,31,31,4,7,2025-12-23,Local Supplier A
I003_P0081,S003,Al Barsha Branch,P0081,9807935978203,Home,35,32,43,43,4,14,2026-01-09,Local Supplier B
I005_P0081,S005,Deira Branch,P0081,9807935978203,Home,96,0,50,50,4,3,2026-01-08,Local Supplier B
I004_P0081,S004,Marina Branch,P0081,9807935978203,Home,12,23,25,25,2,7,2026-01-03,Local Supplier B
I001_P0081,S001,JVC Branch,P0081,9807935978203,Home,71,31,45,45,4,14,2025-12-23,Distributor D
I004_P0082,S004,Marina Branch,P0082,377889255464,Fashion,23,0,7,7,1,14,2025-12-31,Importer C
I005_P0082,S005,Deira Branch,P0082,377889255464,Fashion,45,20,15,15,2,3,2025-12-27,Local Supplier B
I003_P0082,S003,Al Barsha Branch,P0082,377889255464,Fashion,31,5,10,10,1,10,2026-01-11,Local Supplier B
I001_P0082,S001,JVC Branch,P0082,377889255464,Fashion,7,7,9,9,1,5,2026-01-07,Importer C
I003_P0083,S003,Al Barsha Branch,P0083,5186449251922,Pet,17,1,11,11,1,10,2026-01-05,Local Supplier A
I002_P0083,S002,Dubai Hills Branch,P0083,5186449251922,Pet,37,28,52,52,5,3,2026-01-10,Importer C
I001_P0084,S001,JVC Branch,P0084,4865281685058,Baby,169,17,81,81,6,10,2026-01-08,Distributor D
I005_P0084,S005,Deira Branch,P0084,4865281685058,Baby,12,18,22,22,2,5,2025-12-28,Importer C
I004_P0084,S004,Marina Branch,P0084,4865281685058,Baby,123,35,62,62,6,7,2026-01-05,Local Supplier A
I003_P0084,S003,Al Barsha Branch,P0084,4865281685058,Baby,63,31,70,70,6,3,2025-12-31,Importer C
I002_P0085,S002,Dubai Hills Branch,P0085,3221418880597,Home,65,21,36,36,3,5,2026-01-10,Local Supplier A
I003_P0085,S003,Al Barsha Branch,P0085,3221418880597,Home,19,4,9,9,1,3,2026-01-07,Local Supplier A
I004_P0085,S004,Marina Branch,P0085,3221418880597,Home,99,26,22,22,3,3,2026-01-01,Local Supplier B
I005_P0085,S005,Deira Branch,P0085,3221418880597,Home,132,53,63,63,5,3,2026-01-08,Distributor D
I004_P0086,S004,Marina Branch,P0086,7065379473834,Electronics,112,11,28,28,4,3,2026-01-07,Importer C
I005_P0086,S005,Deira Branch,P0086,7065379473834,Electronics,10,9,7,7,1,14,2025-12-19,Distributor D
I002_P0086,S002,Dubai Hills Branch,P0086,7065379473834,Electronics,67,0,27,27,3,5,2026-01-10,Importer C
I003_P0086,S003,Al Barsha Branch,P0086,7065379473834,Electronics,4,4,12,12,1,10,2025-12-27,Local Supplier B
I005_P0087,S005,Deira Branch,P0087,7468862392405,Home,38,14,19,19,2,10,2025-12-19,Local Supplier A
I003_P0087,S003,Al Barsha Branch,P0087,7468862392405,Home,53,5,31,31,4,10,2026-01-04,Importer C
I001_P0087,S001,JVC Branch,P0087,7468862392405,Home,31,14,36,36,3,2,2025-12-29,Local Supplier A
I002_P0088,S002,Dubai Hills Branch,P0088,4124782613756,Fashion,17,0,12,12,1,10,2025-12-17,Local Supplier B
I003_P0088,S003,Al Barsha Branch,P0088,4124782613756,Fashion,19,0,9,9,1,14,2025-12-26,Importer C
I003_P0089,S003,Al Barsha Branch,P0089,1530515220475,Grocery,11,3,10,10,1,7,2026-01-11,Importer C
I004_P0089,S004,Marina Branch,P0089,1530515220475,Grocery,88,31,62,62,5,10,2026-01-14,Distributor D
I005_P0089,S005,Deira Branch,P0089,1530515220475,Grocery,101,9,44,44,5,10,2025-12-27,Local Supplier B
I002_P0089,S002,Dubai Hills Branch,P0089,1530515220475,Grocery,25,0,12,12,1,14,2025-12-25,Distributor D
I002_P0090,S002,Dubai Hills Branch,P0090,4328986143419,Electronics,16,2,11,11,1,5,2025-12-31,Distributor D
I001_P0090,S001,JVC Branch,P0090,4328986143419,Electronics,18,4,8,8,1,10,2025-12-21,Distributor D
I001_P0091,S001,JVC Branch,P0091,1798089324603,Grocery,71,13,32,32,3,5,2026-01-02,Local Supplier B
I002_P0091,S002,Dubai Hills Branch,P0091,1798089324603,Grocery,48,0,30,30,3,14,2025-12-24,Importer C
I003_P0091,S003,Al Barsha Branch,P0091,1798089324603,Grocery,93,36,78,78,7,5,2025-12-28,Local Supplier B
I005_P0091,S005,Deira Branch,P0091,1798089324603,Grocery,118,39,67,67,5,3,2025-12-23,Distributor D
I004_P0092,S004,Marina Branch,P0092,5188888067065,Baby,81,4,40,40,3,10,2026-01-11,Distributor D
I003_P0092,S003,Al Barsha Branch,P0092,5188888067065,Baby,13,7,13,13,1,3,2025-12-21,Importer C
I005_P0092,S005,Deira Branch,P0092,5188888067065,Baby,140,11,29,29,4,7,2025-12-16,Importer C
I004_P0093,S004,Marina Branch,P0093,1952058527727,Baby,28,0,13,13,1,14,2025-12-26,Local Supplier B
I002_P0093,S002,Dubai Hills Branch,P0093,1952058527727,Baby,49,5,17,17,2,3,2025-12-25,Local Supplier A
I001_P0093,S001,JVC Branch,P0093,1952058527727,Baby,71,30,23,23,3,3,2025-12-24,Local Supplier A
I005_P0093,S005,Deira Branch,P0093,1952058527727,Baby,97,0,55,55,4,7,2025-12-25,Distributor D
I002_P0094,S002,Dubai Hills Branch,P0094,548687403450,Electronics,27,0,11,11,1,3,2025-12-27,Local Supplier A
I003_P0094,S003,Al Barsha Branch,P0094,548687403450,Electronics,30,19,26,26,2,2,2026-01-09,Distributor D
I005_P0094,S005,Deira Branch,P0094,548687403450,Electronics,24,24,25,25,2,5,2025-12-18,Local Supplier A
I004_P0094,S004,Marina Branch,P0094,548687403450,Electronics,66,0,21,21,3,5,2026-01-04,Distributor D
I005_P0095,S005,Deira Branch,P0095,7652775841611,Grocery,51,6,17,17,2,7,2025-12-22,Importer C
I004_P0095,S004,Marina Branch,P0095,7652775841611,Grocery,108,32,60,60,5,10,2026-01-05,Local Supplier B
I001_P0095,S001,JVC Branch,P0095,7652775841611,Grocery,120,52,41,41,5,7,2025-12-19,Importer C
I002_P0095,S002,Dubai Hills Branch,P0095,7652775841611,Grocery,27,0,7,7,1,7,2026-01-10,Importer C
I001_P0096,S001,JVC Branch,P0096,4796275705967,Pet,32,8,19,19,2,5,2026-01-04,Local Supplier A
I003_P0096,S003,Al Barsha Branch,P0096,4796275705967,Pet,69,1,26,26,3,2,2025-12-24,Distributor D
I002_P0097,S002,Dubai Hills Branch,P0097,2029702135566,Home,23,8,10,10,1,14,2026-01-05,Local Supplier A
I004_P0097,S004,Marina Branch,P0097,2029702135566,Home,97,7,34,34,3,3,2026-01-07,Local Supplier B
I003_P0097,S003,Al Barsha Branch,P0097,2029702135566,Home,165,45,62,62,6,7,2026-01-03,Distributor D
I002_P0098,S002,Dubai Hills Branch,P0098,7192856543107,Grocery,12,7,10,10,1,10,2025-12-16,Local Supplier A
I005_P0098,S005,Deira Branch,P0098,7192856543107,Grocery,64,8,14,14,2,10,2025-12-27,Local Supplier B
I003_P0098,S003,Al Barsha Branch,P0098,7192856543107,Grocery,36,10,8,8,1,3,2025-12-24,Distributor D
I001_P0098,S001,JVC Branch,P0098,7192856543107,Grocery,128,30,38,38,5,3,2025-12-31,Distributor D
I005_P0099,S005,Deira Branch,P0099,7394731217275,Electronics,40,13,20,20,2,5,2026-01-02,Local Supplier A
I001_P0099,S001,JVC Branch,P0099,7394731217275,Electronics,17,0,12,12,1,14,2026-01-03,Local Supplier A
I003_P0099,S003,Al Barsha Branch,P0099,7394731217275,Electronics,18,10,10,10,1,7,2025-12-16,Local Supplier A
I004_P0100,S004,Marina Branch,P0100,4225831323708,Beverages,211,33,74,74,6,5,2026-01-01,Distributor D
I002_P0100,S002,Dubai Hills Branch,P0100,4225831323708,Beverages,63,0,30,30,3,14,2026-01-12,Local Supplier B
I001_P0100,S001,JVC Branch,P0100,4225831323708,Beverages,17,0,11,11,1,7,2025-12-28,Local Supplier B
I002_P0101,S002,Dubai Hills Branch,P0101,1467866912516,Baby,80,7,30,30,3,3,2026-01-02,Local Supplier B
I001_P0101,S001,JVC Branch,P0101,1467866912516,Baby,28,1,20,20,2,14,2025-12-17,Local Supplier A
I004_P0101,S004,Marina Branch,P0101,1467866912516,Baby,72,28,28,28,4,2,2025-12-16,Local Supplier B
I005_P0101,S005,Deira Branch,P0101,1467866912516,Baby,34,0,25,25,3,14,2025-12-26,Local Supplier A
I001_P0102,S001,JVC Branch,P0102,9226801824220,Fashion,22,6,10,10,1,2,2025-12-21,Local Supplier B
I004_P0102,S004,Marina Branch,P0102,9226801824220,Fashion,20,5,10,10,1,10,2025-12-22,Importer C
I005_P0103,S005,Deira Branch,P0103,1438424981824,Baby,54,10,26,26,2,5,2026-01-01,Importer C
I003_P0103,S003,Al Barsha Branch,P0103,1438424981824,Baby,33,22,14,14,2,3,2025-12-16,Distributor D
I001_P0103,S001,JVC Branch,P0103,1438424981824,Baby,24,7,21,21,2,14,2025-12-25,Distributor D
I002_P0103,S002,Dubai Hills Branch,P0103,1438424981824,Baby,17,5,25,25,2,5,2026-01-10,Distributor D
I005_P0104,S005,Deira Branch,P0104,1094396907844,Electronics,17,20,17,17,2,7,2026-01-10,Local Supplier A
I004_P0104,S004,Marina Branch,P0104,1094396907844,Electronics,29,6,10,10,1,7,2026-01-10,Local Supplier B
I002_P0105,S002,Dubai Hills Branch,P0105,7102767735928,Home,16,2,7,7,1,14,2025-12-28,Local Supplier B
I003_P0105,S003,Al Barsha Branch,P0105,7102767735928,Home,78,32,29,29,4,2,2026-01-13,Local Supplier B
I004_P0105,S004,Marina Branch,P0105,7102767735928,Home,17,6,12,12,1,7,2026-01-08,Local Supplier B
I003_P0106,S003,Al Barsha Branch,P0106,8815371473214,Baby,53,14,27,27,2,7,2025-12-21,Local Supplier B
I001_P0106,S001,JVC Branch,P0106,8815371473214,Baby,93,12,35,35,3,10,2026-01-07,Importer C
I004_P0106,S004,Marina Branch,P0106,8815371473214,Baby,14,7,12,12,1,5,2026-01-03,Importer C
I005_P0107,S005,Deira Branch,P0107,5953278774706,Grocery,35,2,7,7,1,5,2025-12-19,Local Supplier B
I004_P0107,S004,Marina Branch,P0107,5953278774706,Grocery,99,27,47,47,5,14,2026-01-07,Local Supplier B
I002_P0107,S002,Dubai Hills Branch,P0107,5953278774706,Grocery,20,3,7,7,1,7,2025-12-22,Importer C
I002_P0108,S002,Dubai Hills Branch,P0108,47974801622,Beverages,79,11,25,25,3,14,2025-12-28,Importer C
I003_P0108,S003,Al Barsha Branch,P0108,47974801622,Beverages,124,30,35,35,4,14,2025-12-25,Distributor D
I002_P0109,S002,Dubai Hills Branch,P0109,3584168784998,Home,155,22,47,47,6,10,2025-12-17,Local Supplier A
I003_P0109,S003,Al Barsha Branch,P0109,3584168784998,Home,120,0,53,53,5,14,2025-12-19,Local Supplier A
I001_P0109,S001,JVC Branch,P0109,3584168784998,Home,43,27,37,37,3,2,2026-01-07,Local Supplier B
I002_P0110,S002,Dubai Hills Branch,P0110,8523986800027,Beverages,171,76,76,76,8,7,2025-12-26,Distributor D
I004_P0110,S004,Marina Branch,P0110,8523986800027,Beverages,26,11,7,7,1,10,2026-01-14,Importer C
I003_P0111,S003,Al Barsha Branch,P0111,5952694958882,Baby,89,0,37,37,3,10,2026-01-11,Local Supplier B
I001_P0111,S001,JVC Branch,P0111,5952694958882,Baby,86,25,34,34,4,5,2026-01-03,Distributor D
I005_P0111,S005,Deira Branch,P0111,5952694958882,Baby,95,6,22,22,3,14,2026-01-07,Local Supplier B
I002_P0111,S002,Dubai Hills Branch,P0111,5952694958882,Baby,49,0,18,18,2,14,2025-12-18,Local Supplier A
I004_P0112,S004,Marina Branch,P0112,6940974993097,Fashion,25,10,9,9,1,3,2025-12-23,Local Supplier A
I005_P0112,S005,Deira Branch,P0112,6940974993097,Fashion,18,11,10,10,1,2,2025-12-27,Local Supplier A
I002_P0113,S002,Dubai Hills Branch,P0113,9130756263686,Fashion,45,20,17,17,2,10,2026-01-06,Local Supplier A
I004_P0113,S004,Marina Branch,P0113,9130756263686,Fashion,28,0,8,8,1,10,2026-01-08,Local Supplier B
I004_P0114,S004,Marina Branch,P0114,8652785854976,Fashion,18,10,10,10,1,10,2025-12-24,Importer C
I001_P0114,S001,JVC Branch,P0114,8652785854976,Fashion,39,11,19,19,2,14,2025-12-23,Local Supplier A
I002_P0114,S002,Dubai Hills Branch,P0114,8652785854976,Fashion,34,0,10,10,1,3,2026-01-01,Local Supplier A
I005_P0114,S005,Deira Branch,P0114,8652785854976,Fashion,109,35,37,37,4,5,2026-01-02,Local Supplier A
I003_P0115,S003,Al Barsha Branch,P0115,4375758441983,Beauty,40,0,18,18,2,10,2025-12-24,Distributor D
I004_P0115,S004,Marina Branch,P0115,4375758441983,Beauty,78,30,30,30,4,2,2025-12-23,Local Supplier A
I002_P0115,S002,Dubai Hills Branch,P0115,4375758441983,Beauty,74,35,35,35,4,14,2026-01-10,Distributor D
I001_P0115,S001,JVC Branch,P0115,4375758441983,Beauty,16,0,9,9,1,7,2026-01-05,Importer C
I001_P0116,S001,JVC Branch,P0116,415747338482,Pet,41,22,16,16,2,2,2026-01-01,Local Supplier A
I002_P0116,S002,Dubai Hills Branch,P0116,415747338482,Pet,20,5,7,7,1,5,2025-12-20,Distributor D
I005_P0116,S005,Deira Branch,P0116,415747338482,Pet,69,38,21,21,3,10,2025-12-22,Local Supplier B
I005_P0117,S005,Deira Branch,P0117,833016571208,Home,38,1,16,16,2,2,2026-01-10,Local Supplier B
I002_P0117,S002,Dubai Hills Branch,P0117,833016571208,Home,18,8,10,10,1,5,2026-01-12,Importer C
I003_P0117,S003,Al Barsha Branch,P0117,833016571208,Home,51,13,27,27,2,3,2025-12-26,Distributor D
I004_P0117,S004,Marina Branch,P0117,833016571208,Home,117,42,38,38,5,10,2026-01-04,Distributor D
I004_P0118,S004,Marina Branch,P0118,5401938026202,Electronics,70,27,25,25,2,5,2026-01-10,Importer C
I003_P0118,S003,Al Barsha Branch,P0118,5401938026202,Electronics,38,9,22,22,2,7,2026-01-09,Importer C
I002_P0118,S002,Dubai Hills Branch,P0118,5401938026202,Electronics,26,5,9,9,1,3,2025-12-27,Importer C
I003_P0119,S003,Al Barsha Branch,P0119,49915478870,Pet,70,7,31,31,4,3,2025-12-28,Local Supplier A
I004_P0119,S004,Marina Branch,P0119,49915478870,Pet,17,5,13,13,1,5,2025-12-31,Local Supplier A
I002_P0119,S002,Dubai Hills Branch,P0119,49915478870,Pet,55,19,38,38,3,3,2025-12-30,Importer C
I003_P0120,S003,Al Barsha Branch,P0120,7420549329661,Electronics,24,0,12,12,1,7,2025-12-26,Distributor D
I002_P0120,S002,Dubai Hills Branch,P0120,7420549329661,Electronics,26,6,10,10,1,10,2026-01-01,Local Supplier A
I005_P0121,S005,Deira Branch,P0121,7530463745499,Baby,121,6,61,61,5,10,2025-12-25,Local Supplier A
I001_P0121,S001,JVC Branch,P0121,7530463745499,Baby,28,6,10,10,1,5,2025-12-21,Distributor D
I004_P0121,S004,Marina Branch,P0121,7530463745499,Baby,25,0,23,23,3,10,2025-12-22,Local Supplier B
I003_P0122,S003,Al Barsha Branch,P0122,7426841459334,Grocery,96,27,62,62,5,2,2026-01-03,Distributor D
I004_P0122,S004,Marina Branch,P0122,7426841459334,Grocery,26,12,7,7,1,14,2026-01-11,Local Supplier B
I002_P0122,S002,Dubai Hills Branch,P0122,7426841459334,Grocery,6,5,9,9,1,7,2025-12-29,Importer C
I001_P0123,S001,JVC Branch,P0123,6878339187853,Electronics,23,1,11,11,1,14,2025-12-20,Local Supplier A
I004_P0123,S004,Marina Branch,P0123,6878339187853,Electronics,15,0,7,7,1,3,2025-12-20,Local Supplier B
I003_P0123,S003,Al Barsha Branch,P0123,6878339187853,Electronics,61,10,31,31,3,7,2026-01-01,Local Supplier B
I002_P0124,S002,Dubai Hills Branch,P0124,9822587139710,Beverages,60,38,58,58,5,3,2025-12-17,Distributor D
I005_P0124,S005,Deira Branch,P0124,9822587139710,Beverages,9,5,11,11,1,5,2026-01-08,Local Supplier A
I003_P0124,S003,Al Barsha Branch,P0124,9822587139710,Beverages,53,4,22,22,2,5,2026-01-03,Local Supplier B
I001_P0125,S001,JVC Branch,P0125,8740640391060,Fashion,24,10,13,13,1,7,2025-12-26,Distributor D
I003_P0125,S003,Al Barsha Branch,P0125,8740640391060,Fashion,21,22,22,22,2,3,2025-12-26,Importer C
I004_P0125,S004,Marina Branch,P0125,8740640391060,Fashion,20,11,13,13,1,2,2026-01-04,Local Supplier B
I001_P0126,S001,JVC Branch,P0126,462265676619,Baby,160,0,71,71,6,10,2026-01-10,Distributor D
I002_P0126,S002,Dubai Hills Branch,P0126,462265676619,Baby,42,14,29,29,3,14,2025-12-16,Local Supplier B
I004_P0126,S004,Marina Branch,P0126,462265676619,Baby,40,1,21,21,2,7,2026-01-04,Local Supplier A
I001_P0127,S001,JVC Branch,P0127,2300478686330,Electronics,16,3,8,8,1,7,2025-12-25,Distributor D
I004_P0127,S004,Marina Branch,P0127,2300478686330,Electronics,23,13,11,11,1,3,2025-12-30,Local Supplier A
I005_P0127,S005,Deira Branch,P0127,2300478686330,Electronics,35,0,10,10,1,5,2026-01-13,Local Supplier B
I003_P0128,S003,Al Barsha Branch,P0128,690331190794,Fashion,9,1,10,10,1,10,2025-12-21,Importer C
I002_P0128,S002,Dubai Hills Branch,P0128,690331190794,Fashion,39,13,21,21,2,10,2025-12-31,Local Supplier B
I004_P0128,S004,Marina Branch,P0128,690331190794,Fashion,10,13,13,13,1,3,2025-12-21,Importer C
I005_P0128,S005,Deira Branch,P0128,690331190794,Fashion,10,3,13,13,1,2,2025-12-18,Distributor D
I002_P0129,S002,Dubai Hills Branch,P0129,3028439599534,Grocery,83,0,76,76,6,10,2025-12-23,Distributor D
I005_P0129,S005,Deira Branch,P0129,3028439599534,Grocery,41,5,16,16,2,2,2026-01-08,Importer C
I003_P0130,S003,Al Barsha Branch,P0130,9268705685668,Home,27,17,27,27,3,14,2025-12-17,Local Supplier A
I002_P0130,S002,Dubai Hills Branch,P0130,9268705685668,Home,141,5,31,31,4,5,2026-01-13,Local Supplier B
I004_P0130,S004,Marina Branch,P0130,9268705685668,Home,62,0,71,71,6,3,2026-01-04,Distributor D
I005_P0130,S005,Deira Branch,P0130,9268705685668,Home,34,0,10,10,1,7,2026-01-01,Distributor D
I001_P0131,S001,JVC Branch,P0131,3427086688262,Electronics,16,14,10,10,1,7,2026-01-03,Distributor D
I004_P0131,S004,Marina Branch,P0131,3427086688262,Electronics,8,8,9,9,1,2,2025-12-22,Distributor D
I003_P0132,S003,Al Barsha Branch,P0132,5183046990131,Beauty,81,8,34,34,4,5,2026-01-06,Importer C
I001_P0132,S001,JVC Branch,P0132,5183046990131,Beauty,99,13,37,37,4,5,2025-12-30,Local Supplier A
I005_P0132,S005,Deira Branch,P0132,5183046990131,Beauty,88,36,29,29,4,2,2026-01-14,Local Supplier B
I002_P0132,S002,Dubai Hills Branch,P0132,5183046990131,Beauty,45,64,50,50,5,14,2026-01-08,Local Supplier B
I003_P0133,S003,Al Barsha Branch,P0133,3317393638541,Beauty,28,13,23,23,2,14,2025-12-17,Local Supplier B
I002_P0133,S002,Dubai Hills Branch,P0133,3317393638541,Beauty,96,19,22,22,3,3,2025-12-21,Distributor D
I004_P0133,S004,Marina Branch,P0133,3317393638541,Beauty,89,0,34,34,3,2,2025-12-30,Local Supplier B
I001_P0133,S001,JVC Branch,P0133,3317393638541,Beauty,53,21,33,33,3,14,2026-01-14,Importer C
I004_P0134,S004,Marina Branch,P0134,7175355609321,Pet,18,2,10,10,1,2,2025-12-20,Local Supplier A
I002_P0134,S002,Dubai Hills Branch,P0134,7175355609321,Pet,122,10,36,36,4,3,2025-12-21,Local Supplier B
I005_P0135,S005,Deira Branch,P0135,4235369378545,Grocery,24,2,22,22,2,14,2026-01-08,Local Supplier B
I001_P0135,S001,JVC Branch,P0135,4235369378545,Grocery,18,3,13,13,1,2,2026-01-08,Local Supplier A
I001_P0136,S001,JVC Branch,P0136,2872808010066,Fashion,37,19,18,18,2,5,2026-01-07,Local Supplier A
I004_P0136,S004,Marina Branch,P0136,2872808010066,Fashion,22,4,8,8,1,14,2026-01-05,Local Supplier A
I003_P0137,S003,Al Barsha Branch,P0137,7509977008864,Electronics,30,0,24,24,2,3,2025-12-17,Distributor D
I002_P0137,S002,Dubai Hills Branch,P0137,7509977008864,Electronics,10,3,9,9,1,10,2026-01-12,Local Supplier A
I005_P0137,S005,Deira Branch,P0137,7509977008864,Electronics,54,6,27,27,2,10,2025-12-18,Distributor D
I001_P0137,S001,JVC Branch,P0137,7509977008864,Electronics,24,7,9,9,1,2,2025-12-21,Local Supplier A
I001_P0138,S001,JVC Branch,P0138,862118233981,Grocery,33,32,21,21,3,5,2025-12-29,Distributor D
I005_P0138,S005,Deira Branch,P0138,862118233981,Grocery,37,26,29,29,3,10,2025-12-28,Local Supplier B
I002_P0138,S002,Dubai Hills Branch,P0138,862118233981,Grocery,62,38,44,44,5,3,2026-01-08,Importer C
I004_P0138,S004,Marina Branch,P0138,862118233981,Grocery,40,17,19,19,2,14,2025-12-24,Local Supplier A
I004_P0139,S004,Marina Branch,P0139,7933410166680,Home,50,2,17,17,2,10,2025-12-26,Local Supplier A
I002_P0139,S002,Dubai Hills Branch,P0139,7933410166680,Home,57,9,18,18,2,2,2026-01-11,Local Supplier B
I001_P0139,S001,JVC Branch,P0139,7933410166680,Home,6,7,11,11,1,10,2025-12-29,Importer C
I003_P0140,S003,Al Barsha Branch,P0140,5918033974012,Fashion,28,7,12,12,1,2,2026-01-11,Importer C
I002_P0140,S002,Dubai Hills Branch,P0140,5918033974012,Fashion,30,13,25,25,2,10,2025-12-23,Local Supplier A
I004_P0141,S004,Marina Branch,P0141,9261429396858,Home,71,3,31,31,3,2,2026-01-06,Local Supplier A
I003_P0141,S003,Al Barsha Branch,P0141,9261429396858,Home,139,24,51,51,6,2,2025-12-18,Local Supplier B
I001_P0141,S001,JVC Branch,P0141,9261429396858,Home,19,8,7,7,1,2,2026-01-09,Distributor D
I003_P0142,S003,Al Barsha Branch,P0142,1631599965044,Pet,52,0,29,29,3,10,2026-01-12,Importer C
I002_P0142,S002,Dubai Hills Branch,P0142,1631599965044,Pet,29,0,7,7,1,10,2026-01-07,Local Supplier A
I001_P0143,S001,JVC Branch,P0143,2961943114262,Fashion,14,7,12,12,1,2,2025-12-31,Importer C
I004_P0143,S004,Marina Branch,P0143,2961943114262,Fashion,26,7,8,8,1,3,2025-12-26,Distributor D
I002_P0143,S002,Dubai Hills Branch,P0143,2961943114262,Fashion,31,7,9,9,1,3,2025-12-21,Local Supplier B
I001_P0144,S001,JVC Branch,P0144,7541212678883,Electronics,14,11,7,7,1,2,2025-12-23,Importer C
I004_P0144,S004,Marina Branch,P0144,7541212678883,Electronics,21,10,7,7,1,5,2025-12-22,Local Supplier A
I005_P0145,S005,Deira Branch,P0145,6046618398263,Pet,29,6,9,9,1,14,2026-01-10,Importer C
I002_P0145,S002,Dubai Hills Branch,P0145,6046618398263,Pet,41,11,15,15,2,7,2025-12-29,Importer C
I001_P0146,S001,JVC Branch,P0146,2646471543790,Electronics,25,0,7,7,1,2,2025-12-27,Distributor D
I005_P0146,S005,Deira Branch,P0146,2646471543790,Electronics,24,5,11,11,1,5,2025-12-18,Distributor D
I003_P0146,S003,Al Barsha Branch,P0146,2646471543790,Electronics,27,3,11,11,1,3,2026-01-06,Local Supplier A
I002_P0147,S002,Dubai Hills Branch,P0147,5965756924596,Beauty,60,26,40,40,5,2,2026-01-01,Importer C
I001_P0147,S001,JVC Branch,P0147,5965756924596,Beauty,19,0,13,13,1,2,2026-01-06,Local Supplier A
I003_P0148,S003,Al Barsha Branch,P0148,4793564651936,Beauty,96,0,25,25,3,3,2025-12-23,Importer C
I001_P0148,S001,JVC Branch,P0148,4793564651936,Beauty,23,7,19,19,2,3,2025-12-19,Local Supplier A
I004_P0149,S004,Marina Branch,P0149,1672434266179,Electronics,18,0,10,10,1,2,2026-01-14,Local Supplier B
I002_P0149,S002,Dubai Hills Branch,P0149,1672434266179,Electronics,22,1,7,7,1,14,2025-12-25,Local Supplier A
I001_P0149,S001,JVC Branch,P0149,1672434266179,Electronics,11,8,11,11,1,2,2026-01-14,Local Supplier B
I004_P0150,S004,Marina Branch,P0150,8911352909656,Fashion,135,0,47,47,6,10,2025-12-16,Distributor D
I002_P0150,S002,Dubai Hills Branch,P0150,8911352909656,Fashion,19,0,12,12,1,7,2025-12-24,Local Supplier B
I001_P0150,S001,JVC Branch,P0150,8911352909656,Fashion,61,12,18,18,2,3,2025-12-31,Local Supplier A
I005_P0150,S005,Deira Branch,P0150,8911352909656,Fashion,18,2,11,11,1,7,2025-12-30,Distributor D
I001_P0151,S001,JVC Branch,P0151,8993756798258,Pet,71,63,48,48,5,10,2025-12-20,Local Supplier B
I003_P0151,S003,Al Barsha Branch,P0151,8993756798258,Pet,108,23,34,34,3,14,2026-01-02,Importer C
I005_P0152,S005,Deira Branch,P0152,1254573875711,Grocery,19,8,13,13,1,2,2026-01-09,Importer C
I004_P0152,S004,Marina Branch,P0152,1254573875711,Grocery,19,8,22,22,2,2,2026-01-06,Distributor D
I002_P0152,S002,Dubai Hills Branch,P0152,1254573875711,Grocery,27,11,10,10,1,2,2026-01-09,Local Supplier B
I002_P0153,S002,Dubai Hills Branch,P0153,512382825862,Fashion,20,7,12,12,1,7,2025-12-20,Importer C
I003_P0153,S003,Al Barsha Branch,P0153,512382825862,Fashion,30,0,13,13,1,10,2026-01-07,Importer C
I004_P0153,S004,Marina Branch,P0153,512382825862,Fashion,26,9,12,12,1,14,2026-01-14,Importer C
I001_P0153,S001,JVC Branch,P0153,512382825862,Fashion,30,5,13,13,1,7,2026-01-08,Importer C
I004_P0154,S004,Marina Branch,P0154,6093796603344,Fashion,21,5,7,7,1,7,2025-12-29,Local Supplier A
I001_P0154,S001,JVC Branch,P0154,6093796603344,Fashion,29,9,9,9,1,14,2026-01-04,Local Supplier B
I001_P0155,S001,JVC Branch,P0155,4785969691556,Beverages,22,9,11,11,1,10,2025-12-18,Importer C
I005_P0155,S005,Deira Branch,P0155,4785969691556,Beverages,45,27,41,41,3,10,2026-01-02,Local Supplier A
I004_P0155,S004,Marina Branch,P0155,4785969691556,Beverages,25,10,18,18,2,7,2025-12-22,Distributor D
I003_P0156,S003,Al Barsha Branch,P0156,5134125286690,Fashion,37,11,17,17,2,14,2026-01-05,Importer C
I002_P0156,S002,Dubai Hills Branch,P0156,5134125286690,Fashion,15,12,7,7,1,7,2025-12-27,Local Supplier A
I005_P0156,S005,Deira Branch,P0156,5134125286690,Fashion,6,10,8,8,1,3,2025-12-26,Local Supplier A
I004_P0156,S004,Marina Branch,P0156,5134125286690,Fashion,12,4,13,13,1,5,2026-01-07,Importer C
I001_P0157,S001,JVC Branch,P0157,8274225790509,Electronics,16,1,10,10,1,5,2026-01-12,Importer C
I003_P0157,S003,Al Barsha Branch,P0157,8274225790509,Electronics,24,2,12,12,1,14,2025-12-31,Distributor D
I004_P0158,S004,Marina Branch,P0158,7676772190343,Fashion,25,4,13,13,1,7,2025-12-19,Local Supplier B
I005_P0158,S005,Deira Branch,P0158,7676772190343,Fashion,15,7,8,8,1,2,2026-01-05,Importer C
I001_P0159,S001,JVC Branch,P0159,9788191485806,Grocery,67,50,49,49,6,2,2025-12-28,Importer C
I005_P0159,S005,Deira Branch,P0159,9788191485806,Grocery,27,16,33,33,3,7,2026-01-14,Local Supplier B
I002_P0159,S002,Dubai Hills Branch,P0159,9788191485806,Grocery,115,22,67,67,6,3,2026-01-04,Local Supplier B
I005_P0160,S005,Deira Branch,P0160,4074517133953,Fashion,12,0,8,8,1,10,2025-12-27,Distributor D
I003_P0160,S003,Al Barsha Branch,P0160,4074517133953,Fashion,20,0,8,8,1,14,2026-01-05,Distributor D
I004_P0160,S004,Marina Branch,P0160,4074517133953,Fashion,5,0,8,8,1,2,2026-01-05,Distributor D
I003_P0161,S003,Al Barsha Branch,P0161,9584982544949,Pet,31,0,10,10,1,10,2025-12-25,Distributor D
I004_P0161,S004,Marina Branch,P0161,9584982544949,Pet,128,21,33,33,4,2,2025-12-31,Importer C
I004_P0162,S004,Marina Branch,P0162,2325367294663,Beverages,85,0,38,38,3,14,2025-12-23,Local Supplier A
I003_P0162,S003,Al Barsha Branch,P0162,2325367294663,Beverages,25,13,15,15,2,10,2025-12-21,Local Supplier B
I001_P0162,S001,JVC Branch,P0162,2325367294663,Beverages,90,11,32,32,3,10,2026-01-01,Distributor D
I002_P0163,S002,Dubai Hills Branch,P0163,7759017518635,Fashion,31,2,9,9,1,10,2025-12-27,Local Supplier B
I004_P0163,S004,Marina Branch,P0163,7759017518635,Fashion,35,11,7,7,1,3,2026-01-09,Local Supplier B
I005_P0163,S005,Deira Branch,P0163,7759017518635,Fashion,21,12,7,7,1,3,2026-01-01,Local Supplier B
I001_P0163,S001,JVC Branch,P0163,7759017518635,Fashion,16,10,12,12,1,2,2025-12-16,Local Supplier A
I005_P0164,S005,Deira Branch,P0164,8929750017019,Pet,36,3,37,37,4,2,2025-12-18,Distributor D
I004_P0164,S004,Marina Branch,P0164,8929750017019,Pet,106,28,54,54,7,2,2025-12-27,Local Supplier A
I003_P0164,S003,Al Barsha Branch,P0164,8929750017019,Pet,8,3,21,21,2,5,2025-12-28,Distributor D
I004_P0165,S004,Marina Branch,P0165,2424154152060,Electronics,39,5,22,22,2,10,2026-01-10,Distributor D
I005_P0165,S005,Deira Branch,P0165,2424154152060,Electronics,29,7,7,7,1,2,2026-01-07,Distributor D
I003_P0165,S003,Al Barsha Branch,P0165,2424154152060,Electronics,22,0,13,13,1,5,2025-12-19,Importer C
I004_P0166,S004,Marina Branch,P0166,3712938700514,Home,149,12,39,39,5,5,2025-12-19,Importer C
I001_P0166,S001,JVC Branch,P0166,3712938700514,Home,28,8,24,24,2,3,2025-12-31,Distributor D
I005_P0166,S005,Deira Branch,P0166,3712938700514,Home,43,22,24,24,2,2,2025-12-19,Local Supplier B
I003_P0167,S003,Al Barsha Branch,P0167,1554262218905,Pet,89,24,23,23,3,3,2026-01-14,Local Supplier B
I004_P0167,S004,Marina Branch,P0167,1554262218905,Pet,47,5,52,52,4,7,2026-01-13,Local Supplier A
I002_P0168,S002,Dubai Hills Branch,P0168,6973112196562,Electronics,17,1,12,12,1,14,2026-01-11,Local Supplier A
I003_P0168,S003,Al Barsha Branch,P0168,6973112196562,Electronics,13,4,8,8,1,7,2025-12-18,Importer C
I005_P0168,S005,Deira Branch,P0168,6973112196562,Electronics,34,0,9,9,1,14,2025-12-19,Local Supplier A
I001_P0169,S001,JVC Branch,P0169,9994043898360,Baby,51,22,24,24,3,3,2025-12-18,Local Supplier B
I004_P0169,S004,Marina Branch,P0169,9994043898360,Baby,32,8,23,23,2,14,2026-01-14,Local Supplier A
I005_P0169,S005,Deira Branch,P0169,9994043898360,Baby,9,0,10,10,1,2,2025-12-20,Local Supplier B
I005_P0170,S005,Deira Branch,P0170,9180552696584,Home,115,29,55,55,4,5,2026-01-02,Distributor D
I003_P0170,S003,Al Barsha Branch,P0170,9180552696584,Home,54,22,26,26,3,10,2025-12-19,Distributor D
I004_P0170,S004,Marina Branch,P0170,9180552696584,Home,9,46,44,44,4,5,2025-12-19,Importer C
I001_P0171,S001,JVC Branch,P0171,3006848666184,Electronics,27,9,18,18,2,5,2026-01-06,Importer C
I004_P0171,S004,Marina Branch,P0171,3006848666184,Electronics,40,3,16,16,2,10,2026-01-13,Distributor D
I005_P0171,S005,Deira Branch,P0171,3006848666184,Electronics,25,7,11,11,1,7,2025-12-25,Importer C
I004_P0172,S004,Marina Branch,P0172,2856914630318,Electronics,30,8,12,12,1,3,2025-12-19,Importer C
I005_P0172,S005,Deira Branch,P0172,2856914630318,Electronics,23,9,12,12,1,7,2025-12-20,Importer C
I002_P0172,S002,Dubai Hills Branch,P0172,2856914630318,Electronics,24,9,10,10,1,10,2025-12-17,Local Supplier B
I001_P0173,S001,JVC Branch,P0173,1020275884258,Pet,61,10,36,36,3,3,2025-12-16,Importer C
I004_P0173,S004,Marina Branch,P0173,1020275884258,Pet,45,2,23,23,2,5,2025-12-18,Distributor D
I005_P0173,S005,Deira Branch,P0173,1020275884258,Pet,38,8,25,25,2,7,2026-01-05,Local Supplier A
I001_P0174,S001,JVC Branch,P0174,4814917785075,Electronics,54,21,26,26,2,10,2026-01-02,Importer C
I005_P0174,S005,Deira Branch,P0174,4814917785075,Electronics,61,1,19,19,2,5,2026-01-08,Distributor D
I002_P0174,S002,Dubai Hills Branch,P0174,4814917785075,Electronics,23,5,13,13,1,5,2026-01-10,Local Supplier B
I004_P0175,S004,Marina Branch,P0175,3800030756222,Electronics,20,25,34,34,3,7,2026-01-14,Importer C
I003_P0175,S003,Al Barsha Branch,P0175,3800030756222,Electronics,35,3,8,8,1,7,2026-01-09,Local Supplier A
I005_P0176,S005,Deira Branch,P0176,3536541951800,Grocery,31,8,22,22,2,2,2026-01-02,Local Supplier A
I004_P0176,S004,Marina Branch,P0176,3536541951800,Grocery,24,3,10,10,1,5,2025-12-17,Local Supplier B
I001_P0177,S001,JVC Branch,P0177,4451870534946,Electronics,31,3,8,8,1,7,2026-01-11,Importer C
I002_P0177,S002,Dubai Hills Branch,P0177,4451870534946,Electronics,24,7,8,8,1,7,2026-01-05,Importer C
I002_P0178,S002,Dubai Hills Branch,P0178,8320603850508,Beauty,32,12,19,19,2,7,2025-12-16,Local Supplier A
I003_P0178,S003,Al Barsha Branch,P0178,8320603850508,Beauty,76,0,34,34,4,2,2025-12-22,Local Supplier B
I005_P0178,S005,Deira Branch,P0178,8320603850508,Beauty,79,28,23,23,3,14,2026-01-02,Importer C
I005_P0179,S005,Deira Branch,P0179,7024103865710,Pet,106,0,46,46,4,2,2025-12-23,Distributor D
I001_P0179,S001,JVC Branch,P0179,7024103865710,Pet,26,22,20,20,2,3,2025-12-23,Local Supplier B
I003_P0179,S003,Al Barsha Branch,P0179,7024103865710,Pet,102,24,71,71,6,2,2025-12-24,Importer C
I004_P0179,S004,Marina Branch,P0179,7024103865710,Pet,73,28,34,34,3,2,2025-12-17,Local Supplier A
I001_P0180,S001,JVC Branch,P0180,2344565574315,Beverages,12,3,8,8,1,3,2025-12-29,Importer C
I005_P0180,S005,Deira Branch,P0180,2344565574315,Beverages,16,0,11,11,1,3,2025-12-30,Distributor D
I002_P0180,S002,Dubai Hills Branch,P0180,2344565574315,Beverages,6,10,18,18,2,2,2025-12-16,Distributor D
I001_P0181,S001,JVC Branch,P0181,5618537474116,Beauty,74,0,48,48,4,7,2026-01-07,Importer C
I005_P0181,S005,Deira Branch,P0181,5618537474116,Beauty,48,22,26,26,3,2,2025-12-18,Importer C
I003_P0182,S003,Al Barsha Branch,P0182,1356804420674,Electronics,28,6,7,7,1,3,2026-01-14,Local Supplier B
I004_P0182,S004,Marina Branch,P0182,1356804420674,Electronics,23,8,9,9,1,14,2026-01-06,Local Supplier A
I005_P0182,S005,Deira Branch,P0182,1356804420674,Electronics,21,0,9,9,1,7,2026-01-02,Importer C
I004_P0183,S004,Marina Branch,P0183,32365199419,Beauty,26,0,26,26,2,2,2025-12-22,Local Supplier B
I005_P0183,S005,Deira Branch,P0183,32365199419,Beauty,118,40,30,30,4,14,2025-12-27,Distributor D
I003_P0183,S003,Al Barsha Branch,P0183,32365199419,Beauty,115,16,49,49,6,14,2026-01-14,Local Supplier B
I004_P0184,S004,Marina Branch,P0184,1510702966706,Grocery,34,10,20,20,2,14,2026-01-14,Local Supplier B
I001_P0184,S001,JVC Branch,P0184,1510702966706,Grocery,44,12,27,27,2,14,2025-12-29,Local Supplier A
I002_P0184,S002,Dubai Hills Branch,P0184,1510702966706,Grocery,42,10,20,20,2,14,2025-12-24,Distributor D
I005_P0185,S005,Deira Branch,P0185,4720999347684,Pet,127,7,35,35,5,7,2025-12-30,Local Supplier B
I001_P0185,S001,JVC Branch,P0185,4720999347684,Pet,16,0,7,7,1,2,2026-01-06,Local Supplier B
I004_P0186,S004,Marina Branch,P0186,8380657875988,Fashion,49,21,20,20,2,7,2025-12-18,Distributor D
I005_P0186,S005,Deira Branch,P0186,8380657875988,Fashion,32,9,9,9,1,2,2026-01-14,Distributor D
I001_P0186,S001,JVC Branch,P0186,8380657875988,Fashion,23,4,9,9,1,10,2026-01-12,Importer C
I003_P0186,S003,Al Barsha Branch,P0186,8380657875988,Fashion,69,11,39,39,3,5,2025-12-31,Importer C
I002_P0187,S002,Dubai Hills Branch,P0187,407859321339,Baby,80,22,27,27,3,14,2025-12-23,Importer C
I004_P0187,S004,Marina Branch,P0187,407859321339,Baby,149,48,84,84,7,2,2026-01-07,Importer C
I003_P0188,S003,Al Barsha Branch,P0188,5223955905991,Home,48,5,15,15,2,14,2025-12-19,Distributor D
I005_P0188,S005,Deira Branch,P0188,5223955905991,Home,69,1,23,23,3,7,2025-12-16,Local Supplier B
I004_P0188,S004,Marina Branch,P0188,5223955905991,Home,80,39,40,40,4,7,2026-01-11,Local Supplier A
I005_P0189,S005,Deira Branch,P0189,1039308705934,Electronics,50,0,23,23,2,2,2025-12-30,Local Supplier A
I001_P0189,S001,JVC Branch,P0189,1039308705934,Electronics,11,7,10,10,1,10,2025-12-16,Local Supplier B
I002_P0189,S002,Dubai Hills Branch,P0189,1039308705934,Electronics,26,37,35,35,3,7,2026-01-11,Importer C
I003_P0189,S003,Al Barsha Branch,P0189,1039308705934,Electronics,16,11,10,10,1,14,2025-12-16,Local Supplier B
I004_P0190,S004,Marina Branch,P0190,29218515694,Electronics,6,7,10,10,1,14,2025-12-23,Importer C
I003_P0190,S003,Al Barsha Branch,P0190,29218515694,Electronics,45,8,25,25,2,10,2025-12-22,Local Supplier B
I002_P0190,S002,Dubai Hills Branch,P0190,29218515694,Electronics,18,3,8,8,1,14,2026-01-03,Local Supplier B
I002_P0191,S002,Dubai Hills Branch,P0191,7528953926442,Beverages,50,15,24,24,2,14,2025-12-24,Distributor D
I003_P0191,S003,Al Barsha Branch,P0191,7528953926442,Beverages,68,13,35,35,3,7,2025-12-17,Local Supplier A
I004_P0191,S004,Marina Branch,P0191,7528953926442,Beverages,16,0,10,10,1,2,2025-12-24,Local Supplier B
I001_P0191,S001,JVC Branch,P0191,7528953926442,Beverages,97,35,26,26,3,5,2025-12-24,Local Supplier B
I003_P0192,S003,Al Barsha Branch,P0192,9029593917251,Electronics,12,11,12,12,1,10,2026-01-11,Local Supplier B
I002_P0192,S002,Dubai Hills Branch,P0192,9029593917251,Electronics,22,5,12,12,1,14,2025-12-20,Importer C
I001_P0193,S001,JVC Branch,P0193,5704331541007,Beverages,198,21,82,82,6,2,2025-12-28,Local Supplier A
I004_P0193,S004,Marina Branch,P0193,5704331541007,Beverages,58,31,36,36,3,7,2025-12-18,Local Supplier B
I002_P0193,S002,Dubai Hills Branch,P0193,5704331541007,Beverages,67,9,26,26,2,10,2025-12-21,Local Supplier B
I003_P0193,S003,Al Barsha Branch,P0193,5704331541007,Beverages,117,8,37,37,3,14,2026-01-09,Local Supplier A
I002_P0194,S002,Dubai Hills Branch,P0194,6586179327109,Pet,74,31,28,28,3,3,2026-01-10,Importer C
I001_P0194,S001,JVC Branch,P0194,6586179327109,Pet,52,31,21,21,3,3,2026-01-13,Importer C
I001_P0195,S001,JVC Branch,P0195,2621815997064,Home,26,9,7,7,1,10,2026-01-09,Local Supplier A
I003_P0195,S003,Al Barsha Branch,P0195,2621815997064,Home,86,11,75,75,6,2,2026-01-02,Importer C
I002_P0195,S002,Dubai Hills Branch,P0195,2621815997064,Home,40,11,34,34,4,5,2026-01-03,Local Supplier B
I004_P0195,S004,Marina Branch,P0195,2621815997064,Home,125,54,95,95,7,14,2025-12-28,Local Supplier A
I003_P0196,S003,Al Barsha Branch,P0196,6884443106987,Electronics,48,23,17,17,2,2,2026-01-07,Importer C
I004_P0196,S004,Marina Branch,P0196,6884443106987,Electronics,70,1,29,29,3,10,2026-01-06,Importer C
I005_P0197,S005,Deira Branch,P0197,9731032417146,Fashion,67,17,42,42,4,14,2026-01-05,Local Supplier B
I003_P0197,S003,Al Barsha Branch,P0197,9731032417146,Fashion,10,0,9,9,1,10,2025-12-21,Local Supplier A
I001_P0198,S001,JVC Branch,P0198,6256527047743,Pet,17,0,13,13,1,14,2025-12-28,Distributor D
I002_P0198,S002,Dubai Hills Branch,P0198,6256527047743,Pet,142,31,69,69,6,2,2026-01-10,Distributor D
I003_P0198,S003,Al Barsha Branch,P0198,6256527047743,Pet,17,0,12,12,1,5,2026-01-09,Local Supplier A
I005_P0198,S005,Deira Branch,P0198,6256527047743,Pet,12,3,11,11,1,7,2026-01-02,Distributor D
I003_P0199,S003,Al Barsha Branch,P0199,1586938068682,Beauty,41,7,23,23,2,2,2025-12-26,Local Supplier A
I001_P0199,S001,JVC Branch,P0199,1586938068682,Beauty,37,52,35,35,3,5,2026-01-11,Importer C
I002_P0199,S002,Dubai Hills Branch,P0199,1586938068682,Beauty,22,18,22,22,2,7,2026-01-02,Local Supplier A
I002_P0200,S002,Dubai Hills Branch,P0200,8989921722333,Fashion,20,1,12,12,1,14,2026-01-05,Local Supplier B
I005_P0200,S005,Deira Branch,P0200,8989921722333,Fashion,60,21,18,18,2,14,2025-12-18,Importer C
I001_P0200,S001,JVC Branch,P0200,8989921722333,Fashion,16,9,13,13,1,2,2026-01-10,Local Supplier A
I005_P0201,S005,Deira Branch,P0201,2945116868541,Electronics,57,0,21,21,2,14,2025-12-22,Importer C
I004_P0201,S004,Marina Branch,P0201,2945116868541,Electronics,34,8,8,8,1,3,2026-01-10,Local Supplier B
I005_P0202,S005,Deira Branch,P0202,1914856467995,Fashion,12,11,8,8,1,2,2025-12-18,Distributor D
I003_P0202,S003,Al Barsha Branch,P0202,1914856467995,Fashion,19,5,11,11,1,2,2026-01-06,Local Supplier B
I005_P0203,S005,Deira Branch,P0203,653074505447,Fashion,24,0,7,7,1,2,2025-12-26,Local Supplier B
I004_P0203,S004,Marina Branch,P0203,653074505447,Fashion,12,8,9,9,1,14,2026-01-05,Local Supplier B
I002_P0203,S002,Dubai Hills Branch,P0203,653074505447,Fashion,12,4,10,10,1,3,2026-01-01,Local Supplier A
I003_P0203,S003,Al Barsha Branch,P0203,653074505447,Fashion,21,4,9,9,1,7,2025-12-25,Importer C
I002_P0204,S002,Dubai Hills Branch,P0204,7546913736788,Home,23,7,20,20,2,2,2025-12-28,Local Supplier B
I003_P0204,S003,Al Barsha Branch,P0204,7546913736788,Home,52,10,34,34,3,3,2025-12-19,Local Supplier B
I005_P0204,S005,Deira Branch,P0204,7546913736788,Home,89,0,26,26,3,2,2026-01-12,Local Supplier A
I005_P0205,S005,Deira Branch,P0205,2890233030701,Baby,45,13,26,26,2,7,2025-12-28,Local Supplier B
I004_P0205,S004,Marina Branch,P0205,2890233030701,Baby,32,20,28,28,3,5,2025-12-22,Local Supplier B
I003_P0205,S003,Al Barsha Branch,P0205,2890233030701,Baby,31,3,20,20,2,2,2025-12-29,Local Supplier B
I001_P0205,S001,JVC Branch,P0205,2890233030701,Baby,69,22,38,38,3,10,2026-01-09,Local Supplier B
I002_P0206,S002,Dubai Hills Branch,P0206,1035797279857,Baby,106,54,68,68,5,14,2025-12-22,Distributor D
I005_P0206,S005,Deira Branch,P0206,1035797279857,Baby,7,4,13,13,1,2,2026-01-07,Importer C
I003_P0206,S003,Al Barsha Branch,P0206,1035797279857,Baby,55,2,47,47,5,5,2025-12-16,Distributor D
I004_P0207,S004,Marina Branch,P0207,602933334681,Baby,26,18,41,41,3,14,2025-12-29,Importer C
I001_P0207,S001,JVC Branch,P0207,602933334681,Baby,12,6,12,12,1,7,2026-01-09,Distributor D
I005_P0207,S005,Deira Branch,P0207,602933334681,Baby,58,13,19,19,2,5,2025-12-29,Distributor D
I005_P0208,S005,Deira Branch,P0208,3494466574378,Grocery,47,14,18,18,2,10,2025-12-30,Local Supplier A
I004_P0208,S004,Marina Branch,P0208,3494466574378,Grocery,81,8,42,42,4,10,2026-01-12,Importer C
I002_P0209,S002,Dubai Hills Branch,P0209,8994417154543,Home,44,17,16,16,2,3,2025-12-24,Distributor D
I005_P0209,S005,Deira Branch,P0209,8994417154543,Home,104,25,50,50,4,7,2025-12-30,Local Supplier B
I002_P0210,S002,Dubai Hills Branch,P0210,9652074466605,Home,79,14,21,21,3,10,2025-12-25,Local Supplier A
I004_P0210,S004,Marina Branch,P0210,9652074466605,Home,18,1,52,52,4,3,2025-12-16,Distributor D
I001_P0210,S001,JVC Branch,P0210,9652074466605,Home,63,4,44,44,4,14,2025-12-22,Importer C
I003_P0210,S003,Al Barsha Branch,P0210,9652074466605,Home,81,33,54,54,4,7,2025-12-30,Local Supplier B
I004_P0211,S004,Marina Branch,P0211,5842824172489,Beauty,108,35,62,62,5,10,2025-12-24,Importer C
I002_P0211,S002,Dubai Hills Branch,P0211,5842824172489,Beauty,127,46,49,49,6,10,2025-12-26,Local Supplier A
I004_P0212,S004,Marina Branch,P0212,6554947170998,Electronics,16,4,7,7,1,10,2025-12-16,Distributor D
I005_P0212,S005,Deira Branch,P0212,6554947170998,Electronics,23,6,12,12,1,10,2025-12-17,Local Supplier A
I005_P0213,S005,Deira Branch,P0213,8460223569722,Beverages,42,22,23,23,2,14,2026-01-14,Distributor D
I001_P0213,S001,JVC Branch,P0213,8460223569722,Beverages,21,0,10,10,1,7,2025-12-29,Local Supplier B
I004_P0213,S004,Marina Branch,P0213,8460223569722,Beverages,111,61,81,81,6,10,2026-01-03,Local Supplier A
I002_P0213,S002,Dubai Hills Branch,P0213,8460223569722,Beverages,17,9,9,9,1,2,2025-12-16,Importer C
I005_P0214,S005,Deira Branch,P0214,5007432927122,Baby,64,3,14,14,2,2,2025-12-29,Local Supplier A
I004_P0214,S004,Marina Branch,P0214,5007432927122,Baby,16,14,9,9,1,5,2026-01-01,Local Supplier A
I002_P0214,S002,Dubai Hills Branch,P0214,5007432927122,Baby,14,4,8,8,1,10,2025-12-18,Distributor D
I001_P0214,S001,JVC Branch,P0214,5007432927122,Baby,121,93,65,65,6,3,2026-01-02,Distributor D
I005_P0215,S005,Deira Branch,P0215,835058300334,Pet,20,25,21,21,2,5,2025-12-27,Distributor D
I004_P0215,S004,Marina Branch,P0215,835058300334,Pet,96,38,48,48,4,3,2025-12-22,Distributor D
I001_P0215,S001,JVC Branch,P0215,835058300334,Pet,21,0,12,12,1,7,2025-12-29,Importer C
I002_P0215,S002,Dubai Hills Branch,P0215,835058300334,Pet,73,0,50,50,4,3,2026-01-13,Distributor D
I001_P0216,S001,JVC Branch,P0216,2104478985628,Baby,39,3,26,26,2,5,2026-01-07,Local Supplier A
I005_P0216,S005,Deira Branch,P0216,2104478985628,Baby,12,7,11,11,1,10,2026-01-02,Importer C
I004_P0216,S004,Marina Branch,P0216,2104478985628,Baby,85,29,47,47,4,3,2025-12-19,Distributor D
I002_P0216,S002,Dubai Hills Branch,P0216,2104478985628,Baby,38,14,30,30,3,10,2025-12-20,Importer C
I001_P0217,S001,JVC Branch,P0217,332309821506,Baby,105,13,56,56,5,2,2025-12-25,Local Supplier B
I002_P0217,S002,Dubai Hills Branch,P0217,332309821506,Baby,38,11,30,30,4,7,2025-12-24,Distributor D
I002_P0218,S002,Dubai Hills Branch,P0218,16761847235,Pet,29,12,26,26,2,10,2025-12-28,Importer C
I001_P0218,S001,JVC Branch,P0218,16761847235,Pet,109,17,37,37,4,7,2026-01-08,Distributor D
I003_P0218,S003,Al Barsha Branch,P0218,16761847235,Pet,95,28,55,55,5,10,2026-01-11,Local Supplier A
I004_P0218,S004,Marina Branch,P0218,16761847235,Pet,81,2,42,42,4,5,2025-12-29,Importer C
I004_P0219,S004,Marina Branch,P0219,9926189141178,Grocery,64,47,49,49,4,14,2025-12-31,Distributor D
I005_P0219,S005,Deira Branch,P0219,9926189141178,Grocery,34,2,13,13,1,2,2026-01-06,Distributor D
I003_P0219,S003,Al Barsha Branch,P0219,9926189141178,Grocery,228,59,68,68,6,5,2026-01-07,Distributor D
I002_P0219,S002,Dubai Hills Branch,P0219,9926189141178,Grocery,41,5,41,41,3,5,2025-12-19,Local Supplier B
I001_P0220,S001,JVC Branch,P0220,6420873753003,Beauty,46,5,36,36,3,7,2026-01-09,Importer C
I004_P0220,S004,Marina Branch,P0220,6420873753003,Beauty,99,22,28,28,3,14,2025-12-22,Local Supplier B
I003_P0220,S003,Al Barsha Branch,P0220,6420873753003,Beauty,16,6,10,10,1,5,2025-12-18,Local Supplier B
I002_P0221,S002,Dubai Hills Branch,P0221,1143744701204,Beverages,35,12,25,25,2,2,2026-01-11,Distributor D
I005_P0221,S005,Deira Branch,P0221,1143744701204,Beverages,24,5,11,11,1,7,2026-01-13,Importer C
I003_P0222,S003,Al Barsha Branch,P0222,225579415523,Home,42,27,20,20,2,7,2026-01-06,Local Supplier B
I004_P0222,S004,Marina Branch,P0222,225579415523,Home,45,30,49,49,4,7,2026-01-01,Local Supplier A
I005_P0222,S005,Deira Branch,P0222,225579415523,Home,23,6,10,10,1,7,2026-01-09,Local Supplier A
I002_P0222,S002,Dubai Hills Branch,P0222,225579415523,Home,37,8,23,23,2,14,2026-01-14,Local Supplier B
I005_P0223,S005,Deira Branch,P0223,7621202169796,Beverages,61,0,19,19,2,3,2026-01-06,Importer C
I001_P0223,S001,JVC Branch,P0223,7621202169796,Beverages,12,1,10,10,1,7,2025-12-30,Local Supplier B
I002_P0223,S002,Dubai Hills Branch,P0223,7621202169796,Beverages,63,9,19,19,2,5,2026-01-02,Distributor D
I005_P0224,S005,Deira Branch,P0224,7716701450893,Fashion,21,6,13,13,1,5,2025-12-22,Local Supplier B
I002_P0224,S002,Dubai Hills Branch,P0224,7716701450893,Fashion,35,0,10,10,1,14,2025-12-20,Local Supplier B
I001_P0225,S001,JVC Branch,P0225,5628900287724,Beauty,37,5,10,10,1,10,2025-12-29,Importer C
I002_P0225,S002,Dubai Hills Branch,P0225,5628900287724,Beauty,21,6,24,24,2,2,2025-12-27,Distributor D
I004_P0225,S004,Marina Branch,P0225,5628900287724,Beauty,45,22,30,30,4,7,2026-01-06,Local Supplier A
I003_P0226,S003,Al Barsha Branch,P0226,8386631779716,Beverages,30,21,19,19,2,2,2026-01-03,Distributor D
I005_P0226,S005,Deira Branch,P0226,8386631779716,Beverages,60,25,15,15,2,10,2026-01-08,Local Supplier B
I002_P0226,S002,Dubai Hills Branch,P0226,8386631779716,Beverages,32,0,55,55,4,7,2025-12-29,Distributor D
I004_P0227,S004,Marina Branch,P0227,1660880199486,Fashion,34,9,10,10,1,5,2025-12-25,Distributor D
I003_P0227,S003,Al Barsha Branch,P0227,1660880199486,Fashion,22,9,11,11,1,2,2026-01-12,Local Supplier B
I002_P0228,S002,Dubai Hills Branch,P0228,7589975711300,Beauty,58,12,34,34,3,5,2026-01-02,Distributor D
I003_P0228,S003,Al Barsha Branch,P0228,7589975711300,Beauty,99,26,37,37,3,7,2025-12-29,Distributor D
I005_P0228,S005,Deira Branch,P0228,7589975711300,Beauty,94,0,40,40,5,14,2026-01-07,Importer C
I001_P0229,S001,JVC Branch,P0229,272614933160,Baby,54,32,23,23,3,2,2025-12-28,Local Supplier A
I002_P0229,S002,Dubai Hills Branch,P0229,272614933160,Baby,21,6,12,12,1,5,2026-01-11,Local Supplier B
I005_P0229,S005,Deira Branch,P0229,272614933160,Baby,24,7,7,7,1,3,2026-01-07,Importer C
I004_P0229,S004,Marina Branch,P0229,272614933160,Baby,46,17,40,40,4,2,2026-01-09,Local Supplier A
I003_P0230,S003,Al Barsha Branch,P0230,917798270808,Beauty,15,8,13,13,1,3,2025-12-31,Local Supplier B
I005_P0230,S005,Deira Branch,P0230,917798270808,Beauty,40,15,22,22,2,10,2025-12-17,Distributor D
I002_P0230,S002,Dubai Hills Branch,P0230,917798270808,Beauty,30,8,10,10,1,7,2026-01-03,Local Supplier B
I004_P0230,S004,Marina Branch,P0230,917798270808,Beauty,19,1,12,12,1,3,2026-01-06,Importer C
I001_P0231,S001,JVC Branch,P0231,1699586693462,Pet,43,9,28,28,3,7,2025-12-16,Distributor D
I002_P0231,S002,Dubai Hills Branch,P0231,1699586693462,Pet,200,31,63,63,7,3,2025-12-26,Local Supplier A
I003_P0232,S003,Al Barsha Branch,P0232,4858333945224,Baby,17,21,19,19,2,7,2026-01-02,Local Supplier B
I002_P0232,S002,Dubai Hills Branch,P0232,4858333945224,Baby,58,13,26,26,3,10,2025-12-21,Importer C
I004_P0232,S004,Marina Branch,P0232,4858333945224,Baby,29,10,8,8,1,3,2026-01-01,Local Supplier A
I005_P0232,S005,Deira Branch,P0232,4858333945224,Baby,11,10,8,8,1,7,2025-12-26,Importer C
I005_P0233,S005,Deira Branch,P0233,8460810620034,Baby,16,5,7,7,1,2,2026-01-09,Importer C
I004_P0233,S004,Marina Branch,P0233,8460810620034,Baby,40,29,26,26,3,2,2026-01-07,Local Supplier B
I001_P0233,S001,JVC Branch,P0233,8460810620034,Baby,33,10,21,21,3,7,2025-12-20,Importer C
I002_P0233,S002,Dubai Hills Branch,P0233,8460810620034,Baby,96,12,30,30,3,3,2025-12-19,Local Supplier A
I004_P0234,S004,Marina Branch,P0234,4380571983862,Home,39,23,20,20,2,7,2025-12-19,Local Supplier A
I001_P0234,S001,JVC Branch,P0234,4380571983862,Home,20,3,7,7,1,7,2025-12-21,Local Supplier B
I003_P0234,S003,Al Barsha Branch,P0234,4380571983862,Home,58,0,85,85,7,2,2025-12-21,Local Supplier B
I004_P0235,S004,Marina Branch,P0235,8004397359897,Beauty,112,16,24,24,3,10,2025-12-28,Local Supplier A
I003_P0235,S003,Al Barsha Branch,P0235,8004397359897,Beauty,28,8,8,8,1,2,2025-12-17,Local Supplier B
I002_P0235,S002,Dubai Hills Branch,P0235,8004397359897,Beauty,73,12,41,41,3,3,2026-01-14,Importer C
I001_P0236,S001,JVC Branch,P0236,2281606484229,Beauty,59,17,27,27,2,10,2025-12-23,Local Supplier B
I004_P0236,S004,Marina Branch,P0236,2281606484229,Beauty,42,20,28,28,3,14,2026-01-12,Importer C
I005_P0236,S005,Deira Branch,P0236,2281606484229,Beauty,56,11,27,27,2,5,2026-01-13,Local Supplier B
I003_P0236,S003,Al Barsha Branch,P0236,2281606484229,Beauty,97,24,47,47,4,5,2026-01-07,Importer C
I002_P0237,S002,Dubai Hills Branch,P0237,2590947985150,Home,79,8,28,28,3,7,2026-01-13,Distributor D
I001_P0237,S001,JVC Branch,P0237,2590947985150,Home,21,0,10,10,1,3,2025-12-27,Importer C
I003_P0237,S003,Al Barsha Branch,P0237,2590947985150,Home,40,10,27,27,3,10,2025-12-26,Local Supplier B
I005_P0238,S005,Deira Branch,P0238,8615335554399,Beauty,68,4,20,20,2,2,2025-12-31,Distributor D
I002_P0238,S002,Dubai Hills Branch,P0238,8615335554399,Beauty,59,13,24,24,2,10,2026-01-03,Local Supplier B
I001_P0239,S001,JVC Branch,P0239,561648408585,Fashion,32,3,10,10,1,5,2025-12-26,Importer C
I004_P0239,S004,Marina Branch,P0239,561648408585,Fashion,12,0,9,9,1,2,2025-12-24,Local Supplier A
I005_P0239,S005,Deira Branch,P0239,561648408585,Fashion,8,10,12,12,1,2,2026-01-08,Distributor D
I001_P0240,S001,JVC Branch,P0240,8112880133616,Fashion,37,10,10,10,1,10,2025-12-29,Importer C
I005_P0240,S005,Deira Branch,P0240,8112880133616,Fashion,30,22,14,14,2,3,2026-01-14,Distributor D
I004_P0241,S004,Marina Branch,P0241,5011024819344,Beauty,23,11,9,9,1,5,2025-12-19,Local Supplier A
I001_P0241,S001,JVC Branch,P0241,5011024819344,Beauty,14,0,12,12,1,5,2026-01-12,Local Supplier A
I005_P0242,S005,Deira Branch,P0242,6180919015815,Pet,20,4,7,7,1,10,2026-01-08,Local Supplier B
I001_P0242,S001,JVC Branch,P0242,6180919015815,Pet,34,6,10,10,1,7,2025-12-28,Local Supplier A
I005_P0243,S005,Deira Branch,P0243,6072832684240,Home,64,0,35,35,3,3,2025-12-20,Distributor D
I003_P0243,S003,Al Barsha Branch,P0243,6072832684240,Home,25,0,10,10,1,7,2025-12-26,Importer C
I004_P0243,S004,Marina Branch,P0243,6072832684240,Home,108,75,79,79,6,5,2025-12-18,Distributor D
I002_P0243,S002,Dubai Hills Branch,P0243,6072832684240,Home,31,13,24,24,2,3,2025-12-26,Local Supplier B
I005_P0244,S005,Deira Branch,P0244,8814353682224,Baby,47,11,41,41,3,2,2025-12-22,Importer C
I003_P0244,S003,Al Barsha Branch,P0244,8814353682224,Baby,158,97,78,78,7,2,2026-01-05,Importer C
I002_P0244,S002,Dubai Hills Branch,P0244,8814353682224,Baby,79,35,55,55,4,14,2025-12-21,Importer C
I005_P0245,S005,Deira Branch,P0245,8781414139754,Beauty,20,4,10,10,1,10,2025-12-17,Local Supplier B
I002_P0245,S002,Dubai Hills Branch,P0245,8781414139754,Beauty,60,0,25,25,3,10,2026-01-02,Local Supplier B
I001_P0245,S001,JVC Branch,P0245,8781414139754,Beauty,21,7,12,12,1,7,2026-01-09,Local Supplier A
I003_P0245,S003,Al Barsha Branch,P0245,8781414139754,Beauty,45,23,33,33,3,7,2025-12-27,Local Supplier A
I003_P0246,S003,Al Barsha Branch,P0246,5775949299550,Baby,19,7,13,13,1,3,2026-01-11,Local Supplier A
I005_P0246,S005,Deira Branch,P0246,5775949299550,Baby,94,0,45,45,4,2,2025-12-29,Importer C
I005_P0247,S005,Deira Branch,P0247,4525777547818,Pet,21,9,8,8,1,10,2025-12-31,Local Supplier A
I002_P0247,S002,Dubai Hills Branch,P0247,4525777547818,Pet,16,0,8,8,1,5,2026-01-10,Local Supplier A
I004_P0247,S004,Marina Branch,P0247,4525777547818,Pet,148,0,51,51,5,2,2026-01-06,Distributor D
I001_P0247,S001,JVC Branch,P0247,4525777547818,Pet,31,5,10,10,1,7,2026-01-10,Local Supplier B
I004_P0248,S004,Marina Branch,P0248,3411080996935,Electronics,22,2,11,11,1,5,2026-01-12,Distributor D
I002_P0248,S002,Dubai Hills Branch,P0248,3411080996935,Electronics,29,2,9,9,1,7,2025-12-24,Distributor D
I003_P0248,S003,Al Barsha Branch,P0248,3411080996935,Electronics,6,1,9,9,1,2,2025-12-25,Importer C
I003_P0249,S003,Al Barsha Branch,P0249,2563942788163,Grocery,21,12,11,11,1,3,2026-01-07,Importer C
I004_P0249,S004,Marina Branch,P0249,2563942788163,Grocery,60,0,24,24,3,2,2025-12-22,Local Supplier B
I002_P0250,S002,Dubai Hills Branch,P0250,8272299275038,Baby,22,0,59,59,5,5,2026-01-14,Local Supplier B
I003_P0250,S003,Al Barsha Branch,P0250,8272299275038,Baby,34,30,36,36,3,5,2025-12-21,Distributor D
I001_P0250,S001,JVC Branch,P0250,8272299275038,Baby,103,32,45,45,4,2,2025-12-24,Distributor D
I005_P0250,S005,Deira Branch,P0250,8272299275038,Baby,55,15,33,33,3,2,2026-01-09,Importer C
I005_P0251,S005,Deira Branch,P0251,8567700518447,Fashion,29,0,7,7,1,14,2026-01-02,Importer C
I003_P0251,S003,Al Barsha Branch,P0251,8567700518447,Fashion,33,0,11,11,1,2,2026-01-11,Importer C
I004_P0252,S004,Marina Branch,P0252,8463865577902,Electronics,32,1,13,13,1,3,2026-01-12,Local Supplier B
I002_P0252,S002,Dubai Hills Branch,P0252,8463865577902,Electronics,25,7,10,10,1,2,2026-01-14,Local Supplier B
I005_P0252,S005,Deira Branch,P0252,8463865577902,Electronics,19,10,13,13,1,3,2025-12-22,Local Supplier A
I001_P0252,S001,JVC Branch,P0252,8463865577902,Electronics,22,12,18,18,2,10,2026-01-07,Importer C
I003_P0253,S003,Al Barsha Branch,P0253,3222591365178,Electronics,35,0,13,13,1,5,2025-12-28,Local Supplier B
I004_P0253,S004,Marina Branch,P0253,3222591365178,Electronics,27,5,8,8,1,14,2026-01-12,Distributor D
I005_P0254,S005,Deira Branch,P0254,302992280928,Fashion,21,3,11,11,1,5,2025-12-26,Distributor D
I002_P0254,S002,Dubai Hills Branch,P0254,302992280928,Fashion,9,1,10,10,1,14,2025-12-28,Local Supplier B
I004_P0254,S004,Marina Branch,P0254,302992280928,Fashion,19,0,13,13,1,3,2025-12-29,Distributor D
I001_P0254,S001,JVC Branch,P0254,302992280928,Fashion,34,2,13,13,1,10,2025-12-16,Local Supplier B
I001_P0255,S001,JVC Branch,P0255,9904137977239,Grocery,140,32,55,55,6,5,2025-12-21,Distributor D
I005_P0255,S005,Deira Branch,P0255,9904137977239,Grocery,16,26,27,27,2,14,2025-12-19,Importer C
I004_P0255,S004,Marina Branch,P0255,9904137977239,Grocery,28,0,16,16,2,10,2026-01-14,Importer C
I005_P0256,S005,Deira Branch,P0256,5799136621030,Pet,34,8,17,17,2,7,2025-12-21,Local Supplier B
I002_P0256,S002,Dubai Hills Branch,P0256,5799136621030,Pet,67,5,21,21,2,3,2026-01-03,Distributor D
I003_P0256,S003,Al Barsha Branch,P0256,5799136621030,Pet,101,8,73,73,7,7,2026-01-13,Local Supplier A
I001_P0256,S001,JVC Branch,P0256,5799136621030,Pet,58,11,26,26,2,3,2025-12-24,Local Supplier B
I002_P0257,S002,Dubai Hills Branch,P0257,8811729806864,Pet,52,8,52,52,4,3,2025-12-31,Distributor D
I004_P0257,S004,Marina Branch,P0257,8811729806864,Pet,101,39,78,78,8,14,2026-01-02,Importer C
I005_P0258,S005,Deira Branch,P0258,5991624731492,Baby,47,10,23,23,3,3,2025-12-17,Distributor D
I001_P0258,S001,JVC Branch,P0258,5991624731492,Baby,19,5,41,41,3,14,2025-12-21,Local Supplier A
I003_P0258,S003,Al Barsha Branch,P0258,5991624731492,Baby,109,61,49,49,6,5,2025-12-21,Distributor D
I004_P0259,S004,Marina Branch,P0259,9818063565128,Pet,6,5,11,11,1,7,2026-01-10,Distributor D
I003_P0259,S003,Al Barsha Branch,P0259,9818063565128,Pet,68,12,30,30,4,14,2025-12-27,Local Supplier B
I004_P0260,S004,Marina Branch,P0260,9463688725886,Pet,69,45,35,35,5,3,2025-12-17,Distributor D
I003_P0260,S003,Al Barsha Branch,P0260,9463688725886,Pet,47,22,22,22,3,3,2025-12-23,Local Supplier A
I002_P0260,S002,Dubai Hills Branch,P0260,9463688725886,Pet,175,53,45,45,6,10,2026-01-12,Distributor D
I005_P0261,S005,Deira Branch,P0261,2137213865893,Fashion,13,3,7,7,1,14,2025-12-18,Local Supplier B
I002_P0261,S002,Dubai Hills Branch,P0261,2137213865893,Fashion,11,13,8,8,1,7,2026-01-13,Importer C
I004_P0261,S004,Marina Branch,P0261,2137213865893,Fashion,27,3,9,9,1,3,2025-12-25,Local Supplier A
I003_P0261,S003,Al Barsha Branch,P0261,2137213865893,Fashion,29,5,13,13,1,5,2025-12-21,Local Supplier A
I004_P0262,S004,Marina Branch,P0262,2796114351906,Grocery,122,38,63,63,5,10,2026-01-08,Distributor D
I005_P0262,S005,Deira Branch,P0262,2796114351906,Grocery,94,21,40,40,4,3,2026-01-14,Importer C
I003_P0262,S003,Al Barsha Branch,P0262,2796114351906,Grocery,21,8,11,11,1,3,2026-01-13,Local Supplier B
I003_P0263,S003,Al Barsha Branch,P0263,7703843098830,Pet,19,13,16,16,2,5,2025-12-26,Importer C
I001_P0263,S001,JVC Branch,P0263,7703843098830,Pet,22,6,26,26,2,3,2026-01-09,Importer C
I005_P0264,S005,Deira Branch,P0264,1465669380112,Electronics,5,0,13,13,1,7,2026-01-03,Local Supplier A
I002_P0264,S002,Dubai Hills Branch,P0264,1465669380112,Electronics,26,3,12,12,1,3,2025-12-30,Local Supplier A
I004_P0264,S004,Marina Branch,P0264,1465669380112,Electronics,16,3,11,11,1,3,2025-12-29,Local Supplier B
I003_P0264,S003,Al Barsha Branch,P0264,1465669380112,Electronics,19,6,11,11,1,10,2025-12-25,Local Supplier A
I005_P0265,S005,Deira Branch,P0265,7690426818186,Home,24,13,33,33,3,5,2025-12-26,Local Supplier B
I003_P0265,S003,Al Barsha Branch,P0265,7690426818186,Home,93,45,56,56,5,7,2025-12-30,Local Supplier B
I002_P0265,S002,Dubai Hills Branch,P0265,7690426818186,Home,7,1,13,13,1,2,2026-01-08,Local Supplier A
I004_P0266,S004,Marina Branch,P0266,9476973577909,Home,10,7,12,12,1,7,2026-01-01,Local Supplier A
I001_P0266,S001,JVC Branch,P0266,9476973577909,Home,22,6,9,9,1,14,2026-01-14,Local Supplier B
I003_P0267,S003,Al Barsha Branch,P0267,3565880434163,Fashion,10,8,9,9,1,14,2026-01-11,Importer C
I005_P0267,S005,Deira Branch,P0267,3565880434163,Fashion,21,7,9,9,1,3,2026-01-14,Local Supplier B
I001_P0267,S001,JVC Branch,P0267,3565880434163,Fashion,16,5,9,9,1,7,2025-12-16,Local Supplier A
I002_P0267,S002,Dubai Hills Branch,P0267,3565880434163,Fashion,29,4,11,11,1,10,2025-12-17,Importer C
I004_P0268,S004,Marina Branch,P0268,2373334333396,Baby,70,23,27,27,3,2,2025-12-28,Local Supplier B
I001_P0268,S001,JVC Branch,P0268,2373334333396,Baby,90,37,55,55,5,5,2025-12-20,Local Supplier A
I003_P0268,S003,Al Barsha Branch,P0268,2373334333396,Baby,8,0,13,13,1,14,2026-01-02,Local Supplier B
I005_P0269,S005,Deira Branch,P0269,9080759579478,Baby,59,14,39,39,3,14,2026-01-04,Local Supplier A
I004_P0269,S004,Marina Branch,P0269,9080759579478,Baby,12,4,8,8,1,7,2026-01-03,Importer C
I001_P0269,S001,JVC Branch,P0269,9080759579478,Baby,11,1,17,17,2,2,2025-12-20,Local Supplier B
I003_P0269,S003,Al Barsha Branch,P0269,9080759579478,Baby,27,0,26,26,2,10,2025-12-30,Local Supplier B
I003_P0270,S003,Al Barsha Branch,P0270,8678085627188,Electronics,22,6,12,12,1,2,2026-01-10,Local Supplier B
I004_P0270,S004,Marina Branch,P0270,8678085627188,Electronics,6,4,8,8,1,10,2025-12-18,Local Supplier A
I003_P0271,S003,Al Barsha Branch,P0271,5594284347951,Fashion,22,4,11,11,1,2,2025-12-31,Local Supplier A
I001_P0271,S001,JVC Branch,P0271,5594284347951,Fashion,22,3,10,10,1,5,2025-12-27,Local Supplier B
I002_P0272,S002,Dubai Hills Branch,P0272,5647292931435,Baby,24,4,8,8,1,5,2026-01-11,Local Supplier B
I005_P0272,S005,Deira Branch,P0272,5647292931435,Baby,40,25,40,40,5,10,2025-12-28,Local Supplier A
I004_P0272,S004,Marina Branch,P0272,5647292931435,Baby,25,9,16,16,2,14,2026-01-10,Importer C
I002_P0273,S002,Dubai Hills Branch,P0273,7026728857446,Pet,62,23,56,56,5,2,2026-01-10,Distributor D
I005_P0273,S005,Deira Branch,P0273,7026728857446,Pet,20,10,26,26,2,7,2026-01-12,Distributor D
I001_P0273,S001,JVC Branch,P0273,7026728857446,Pet,19,2,8,8,1,14,2025-12-19,Distributor D
I004_P0273,S004,Marina Branch,P0273,7026728857446,Pet,48,26,33,33,3,14,2025-12-23,Local Supplier A
I005_P0274,S005,Deira Branch,P0274,7175455884505,Grocery,102,18,38,38,3,5,2025-12-31,Distributor D
I002_P0274,S002,Dubai Hills Branch,P0274,7175455884505,Grocery,34,0,10,10,1,10,2025-12-17,Importer C
I001_P0274,S001,JVC Branch,P0274,7175455884505,Grocery,31,21,26,26,2,5,2025-12-24,Importer C
I004_P0275,S004,Marina Branch,P0275,9982455877165,Pet,13,1,10,10,1,5,2026-01-09,Importer C
I001_P0275,S001,JVC Branch,P0275,9982455877165,Pet,97,2,56,56,5,14,2025-12-19,Local Supplier A
I005_P0275,S005,Deira Branch,P0275,9982455877165,Pet,21,10,9,9,1,7,2025-12-28,Distributor D
I004_P0276,S004,Marina Branch,P0276,6996112535544,Home,23,7,10,10,1,3,2026-01-04,Distributor D
I002_P0276,S002,Dubai Hills Branch,P0276,6996112535544,Home,15,3,12,12,1,14,2025-12-28,Local Supplier B
I003_P0276,S003,Al Barsha Branch,P0276,6996112535544,Home,20,6,8,8,1,10,2025-12-23,Distributor D
I001_P0276,S001,JVC Branch,P0276,6996112535544,Home,16,3,7,7,1,7,2026-01-11,Local Supplier B
I004_P0277,S004,Marina Branch,P0277,9876220234133,Home,55,25,15,15,2,5,2026-01-02,Distributor D
I001_P0277,S001,JVC Branch,P0277,9876220234133,Home,39,15,46,46,4,10,2026-01-10,Local Supplier A
I003_P0277,S003,Al Barsha Branch,P0277,9876220234133,Home,110,0,61,61,5,7,2026-01-05,Distributor D
I002_P0278,S002,Dubai Hills Branch,P0278,8006811492166,Electronics,27,7,9,9,1,7,2025-12-16,Importer C
I003_P0278,S003,Al Barsha Branch,P0278,8006811492166,Electronics,21,7,13,13,1,7,2025-12-29,Local Supplier B
I001_P0279,S001,JVC Branch,P0279,2820055778482,Home,94,29,82,82,6,2,2026-01-03,Importer C
I003_P0279,S003,Al Barsha Branch,P0279,2820055778482,Home,98,37,91,91,7,14,2026-01-02,Importer C
I004_P0279,S004,Marina Branch,P0279,2820055778482,Home,98,46,59,59,5,14,2026-01-08,Local Supplier B
I002_P0280,S002,Dubai Hills Branch,P0280,8845783174560,Fashion,33,5,9,9,1,5,2026-01-10,Local Supplier B
I005_P0280,S005,Deira Branch,P0280,8845783174560,Fashion,10,1,7,7,1,7,2025-12-22,Distributor D
I003_P0280,S003,Al Barsha Branch,P0280,8845783174560,Fashion,15,7,27,27,2,7,2025-12-20,Distributor D
I005_P0281,S005,Deira Branch,P0281,5478077406493,Home,46,19,20,20,2,5,2026-01-02,Local Supplier B
I004_P0281,S004,Marina Branch,P0281,5478077406493,Home,79,24,24,24,3,14,2025-12-18,Local Supplier B
I003_P0281,S003,Al Barsha Branch,P0281,5478077406493,Home,81,30,47,47,4,5,2025-12-27,Local Supplier A
I001_P0281,S001,JVC Branch,P0281,5478077406493,Home,96,33,55,55,4,10,2026-01-11,Distributor D
I001_P0282,S001,JVC Branch,P0282,6326634163893,Beauty,26,28,20,20,2,3,2026-01-12,Distributor D
I002_P0282,S002,Dubai Hills Branch,P0282,6326634163893,Beauty,45,11,22,22,2,14,2025-12-24,Importer C
I003_P0282,S003,Al Barsha Branch,P0282,6326634163893,Beauty,175,45,79,79,7,7,2026-01-14,Distributor D
I004_P0282,S004,Marina Branch,P0282,6326634163893,Beauty,106,11,42,42,4,5,2026-01-01,Importer C
I002_P0283,S002,Dubai Hills Branch,P0283,2417974973502,Home,190,73,80,80,6,5,2025-12-27,Local Supplier A
I001_P0283,S001,JVC Branch,P0283,2417974973502,Home,72,12,34,34,3,5,2025-12-24,Local Supplier A
I003_P0283,S003,Al Barsha Branch,P0283,2417974973502,Home,21,2,9,9,1,5,2025-12-18,Importer C
I005_P0284,S005,Deira Branch,P0284,2703120735644,Electronics,5,9,8,8,1,3,2025-12-26,Local Supplier B
I003_P0284,S003,Al Barsha Branch,P0284,2703120735644,Electronics,21,2,34,34,3,14,2025-12-20,Local Supplier B
I002_P0285,S002,Dubai Hills Branch,P0285,2046187234607,Fashion,37,7,13,13,1,3,2025-12-19,Distributor D
I001_P0285,S001,JVC Branch,P0285,2046187234607,Fashion,18,5,12,12,1,7,2025-12-24,Local Supplier B
I005_P0285,S005,Deira Branch,P0285,2046187234607,Fashion,11,1,8,8,1,5,2025-12-25,Local Supplier A
I002_P0286,S002,Dubai Hills Branch,P0286,3718376452084,Beverages,13,9,9,9,1,10,2025-12-21,Local Supplier B
I004_P0286,S004,Marina Branch,P0286,3718376452084,Beverages,57,16,28,28,3,10,2026-01-10,Distributor D
I003_P0287,S003,Al Barsha Branch,P0287,3136502491637,Beverages,22,4,9,9,1,2,2026-01-13,Importer C
I004_P0287,S004,Marina Branch,P0287,3136502491637,Beverages,58,9,27,27,2,5,2025-12-18,Importer C
I003_P0288,S003,Al Barsha Branch,P0288,5132719500528,Grocery,41,20,34,34,3,3,2025-12-22,Local Supplier B
I001_P0288,S001,JVC Branch,P0288,5132719500528,Grocery,124,9,74,74,7,10,2026-01-04,Local Supplier A
I002_P0288,S002,Dubai Hills Branch,P0288,5132719500528,Grocery,124,0,46,46,4,10,2026-01-11,Local Supplier A
I004_P0289,S004,Marina Branch,P0289,7306524077843,Beverages,34,28,26,26,3,10,2026-01-13,Local Supplier B
I003_P0289,S003,Al Barsha Branch,P0289,7306524077843,Beverages,44,16,27,27,2,2,2026-01-11,Local Supplier B
I001_P0289,S001,JVC Branch,P0289,7306524077843,Beverages,27,7,9,9,1,3,2025-12-20,Local Supplier A
I002_P0289,S002,Dubai Hills Branch,P0289,7306524077843,Beverages,25,17,23,23,2,2,2025-12-16,Distributor D
I004_P0290,S004,Marina Branch,P0290,4982182744858,Fashion,28,16,24,24,3,7,2026-01-02,Importer C
I003_P0290,S003,Al Barsha Branch,P0290,4982182744858,Fashion,16,9,13,13,1,7,2026-01-09,Local Supplier A
I002_P0290,S002,Dubai Hills Branch,P0290,4982182744858,Fashion,31,3,10,10,1,14,2026-01-09,Distributor D
I002_P0291,S002,Dubai Hills Branch,P0291,9351863878291,Fashion,20,9,8,8,1,5,2025-12-23,Local Supplier A
I004_P0291,S004,Marina Branch,P0291,9351863878291,Fashion,5,6,7,7,1,7,2025-12-21,Local Supplier A
I002_P0292,S002,Dubai Hills Branch,P0292,1022031731097,Home,36,9,23,23,2,7,2025-12-17,Local Supplier A
I001_P0292,S001,JVC Branch,P0292,1022031731097,Home,57,6,21,21,2,7,2026-01-01,Local Supplier A
I004_P0292,S004,Marina Branch,P0292,1022031731097,Home,27,35,32,32,3,7,2025-12-19,Local Supplier A
I005_P0293,S005,Deira Branch,P0293,371705865097,Pet,127,45,49,49,5,5,2026-01-12,Importer C
I003_P0293,S003,Al Barsha Branch,P0293,371705865097,Pet,67,30,22,22,3,3,2025-12-25,Local Supplier B
I002_P0293,S002,Dubai Hills Branch,P0293,371705865097,Pet,24,3,10,10,1,14,2026-01-05,Distributor D
I004_P0293,S004,Marina Branch,P0293,371705865097,Pet,226,10,106,106,8,14,2026-01-12,Distributor D
I002_P0294,S002,Dubai Hills Branch,P0294,8113863383929,Home,116,5,28,28,4,2,2026-01-02,Importer C
I005_P0294,S005,Deira Branch,P0294,8113863383929,Home,52,15,20,20,2,2,2026-01-14,Importer C
I001_P0294,S001,JVC Branch,P0294,8113863383929,Home,64,17,22,22,3,3,2026-01-11,Distributor D
I003_P0294,S003,Al Barsha Branch,P0294,8113863383929,Home,98,27,40,40,3,10,2025-12-22,Local Supplier B
I001_P0295,S001,JVC Branch,P0295,1228685289759,Pet,11,8,10,10,1,2,2025-12-26,Local Supplier B
I002_P0295,S002,Dubai Hills Branch,P0295,1228685289759,Pet,5,1,83,83,7,5,2026-01-13,Local Supplier A
I005_P0296,S005,Deira Branch,P0296,9398368457767,Baby,67,3,22,22,3,10,2025-12-26,Local Supplier B
I002_P0296,S002,Dubai Hills Branch,P0296,9398368457767,Baby,45,21,22,22,3,14,2025-12-19,Distributor D
I003_P0296,S003,Al Barsha Branch,P0296,9398368457767,Baby,56,0,18,18,2,5,2026-01-10,Local Supplier B
I005_P0297,S005,Deira Branch,P0297,433504888995,Grocery,52,0,28,28,3,3,2026-01-01,Importer C
I002_P0297,S002,Dubai Hills Branch,P0297,433504888995,Grocery,42,17,21,21,2,3,2026-01-13,Local Supplier A
I005_P0298,S005,Deira Branch,P0298,5933441969313,Electronics,11,0,13,13,1,2,2025-12-16,Importer C
I004_P0298,S004,Marina Branch,P0298,5933441969313,Electronics,25,10,9,9,1,3,2025-12-23,Local Supplier B
I001_P0298,S001,JVC Branch,P0298,5933441969313,Electronics,33,5,16,16,2,3,2026-01-07,Local Supplier A
I003_P0298,S003,Al Barsha Branch,P0298,5933441969313,Electronics,23,2,11,11,1,14,2026-01-12,Importer C
I004_P0299,S004,Marina Branch,P0299,9409610556616,Baby,28,12,17,17,2,10,2026-01-11,Importer C
I001_P0299,S001,JVC Branch,P0299,9409610556616,Baby,105,1,39,39,3,14,2025-12-31,Local Supplier B
I003_P0299,S003,Al Barsha Branch,P0299,9409610556616,Baby,33,58,53,53,6,7,2025-12-24,Distributor D
I002_P0300,S002,Dubai Hills Branch,P0300,8925832067996,Beauty,39,7,22,22,3,5,2026-01-06,Distributor D
I001_P0300,S001,JVC Branch,P0300,8925832067996,Beauty,41,11,14,14,2,3,2026-01-09,Local Supplier A
